solid ASCII
  facet normal 7.071068e-01 0.000000e+00 -7.071068e-01
    outer loop
      vertex   1.025000e+02 -1.000000e+00 5.000000e-01
      vertex   1.020000e+02 -1.207107e+00 0.000000e+00
      vertex   1.025000e+02 1.000000e+00 5.000000e-01
    endloop
  endfacet
  facet normal 7.071068e-01 0.000000e+00 -7.071068e-01
    outer loop
      vertex   1.025000e+02 1.000000e+00 5.000000e-01
      vertex   1.020000e+02 -1.207107e+00 0.000000e+00
      vertex   1.020000e+02 1.207107e+00 0.000000e+00
    endloop
  endfacet
  facet normal 5.000000e-01 -5.000000e-01 -7.071068e-01
    outer loop
      vertex   1.020000e+02 1.207107e+00 0.000000e+00
      vertex   1.137929e+02 1.300000e+01 0.000000e+00
      vertex   1.025000e+02 1.000000e+00 5.000000e-01
    endloop
  endfacet
  facet normal 5.000000e-01 -5.000000e-01 -7.071068e-01
    outer loop
      vertex   1.025000e+02 1.000000e+00 5.000000e-01
      vertex   1.137929e+02 1.300000e+01 0.000000e+00
      vertex   1.140000e+02 1.250000e+01 5.000000e-01
    endloop
  endfacet
  facet normal -1.560849e-15 -7.071068e-01 -7.071068e-01
    outer loop
      vertex   1.137929e+02 1.300000e+01 0.000000e+00
      vertex   1.162071e+02 1.300000e+01 0.000000e+00
      vertex   1.140000e+02 1.250000e+01 5.000000e-01
    endloop
  endfacet
  facet normal -2.492522e-15 -7.071068e-01 -7.071068e-01
    outer loop
      vertex   1.140000e+02 1.250000e+01 5.000000e-01
      vertex   1.162071e+02 1.300000e+01 0.000000e+00
      vertex   1.160000e+02 1.250000e+01 5.000000e-01
    endloop
  endfacet
  facet normal -5.000000e-01 -5.000000e-01 -7.071068e-01
    outer loop
      vertex   1.280000e+02 1.207107e+00 0.000000e+00
      vertex   1.275000e+02 1.000000e+00 5.000000e-01
      vertex   1.162071e+02 1.300000e+01 0.000000e+00
    endloop
  endfacet
  facet normal -5.000000e-01 -5.000000e-01 -7.071068e-01
    outer loop
      vertex   1.162071e+02 1.300000e+01 0.000000e+00
      vertex   1.275000e+02 1.000000e+00 5.000000e-01
      vertex   1.160000e+02 1.250000e+01 5.000000e-01
    endloop
  endfacet
  facet normal -7.071068e-01 0.000000e+00 -7.071068e-01
    outer loop
      vertex   1.275000e+02 -1.000000e+00 5.000000e-01
      vertex   1.275000e+02 1.000000e+00 5.000000e-01
      vertex   1.280000e+02 -1.207107e+00 0.000000e+00
    endloop
  endfacet
  facet normal -7.071068e-01 0.000000e+00 -7.071068e-01
    outer loop
      vertex   1.280000e+02 -1.207107e+00 0.000000e+00
      vertex   1.275000e+02 1.000000e+00 5.000000e-01
      vertex   1.280000e+02 1.207107e+00 0.000000e+00
    endloop
  endfacet
  facet normal -5.000000e-01 5.000000e-01 -7.071068e-01
    outer loop
      vertex   1.160000e+02 -1.250000e+01 5.000000e-01
      vertex   1.275000e+02 -1.000000e+00 5.000000e-01
      vertex   1.162071e+02 -1.300000e+01 0.000000e+00
    endloop
  endfacet
  facet normal -5.000000e-01 5.000000e-01 -7.071068e-01
    outer loop
      vertex   1.162071e+02 -1.300000e+01 0.000000e+00
      vertex   1.275000e+02 -1.000000e+00 5.000000e-01
      vertex   1.280000e+02 -1.207107e+00 0.000000e+00
    endloop
  endfacet
  facet normal 6.280370e-15 7.071068e-01 -7.071068e-01
    outer loop
      vertex   1.140000e+02 -1.250000e+01 5.000000e-01
      vertex   1.160000e+02 -1.250000e+01 5.000000e-01
      vertex   1.137929e+02 -1.300000e+01 0.000000e+00
    endloop
  endfacet
  facet normal 5.202829e-15 7.071068e-01 -7.071068e-01
    outer loop
      vertex   1.137929e+02 -1.300000e+01 0.000000e+00
      vertex   1.160000e+02 -1.250000e+01 5.000000e-01
      vertex   1.162071e+02 -1.300000e+01 0.000000e+00
    endloop
  endfacet
  facet normal 5.000000e-01 5.000000e-01 -7.071068e-01
    outer loop
      vertex   1.140000e+02 -1.250000e+01 5.000000e-01
      vertex   1.137929e+02 -1.300000e+01 0.000000e+00
      vertex   1.025000e+02 -1.000000e+00 5.000000e-01
    endloop
  endfacet
  facet normal 5.000000e-01 5.000000e-01 -7.071068e-01
    outer loop
      vertex   1.025000e+02 -1.000000e+00 5.000000e-01
      vertex   1.137929e+02 -1.300000e+01 0.000000e+00
      vertex   1.020000e+02 -1.207107e+00 0.000000e+00
    endloop
  endfacet
  facet normal -7.071068e-01 7.071068e-01 0.000000e+00
    outer loop
      vertex   1.275000e+02 -1.000000e+00 5.000000e-01
      vertex   1.160000e+02 -1.250000e+01 5.000000e-01
      vertex   1.275000e+02 -1.000000e+00 7.500000e+00
    endloop
  endfacet
  facet normal -7.071068e-01 7.071068e-01 0.000000e+00
    outer loop
      vertex   1.275000e+02 -1.000000e+00 7.500000e+00
      vertex   1.160000e+02 -1.250000e+01 5.000000e-01
      vertex   1.160000e+02 -1.250000e+01 7.500000e+00
    endloop
  endfacet
  facet normal 8.881784e-15 1.000000e+00 -0.000000e+00
    outer loop
      vertex   1.160000e+02 -1.250000e+01 5.000000e-01
      vertex   1.140000e+02 -1.250000e+01 5.000000e-01
      vertex   1.160000e+02 -1.250000e+01 7.500000e+00
    endloop
  endfacet
  facet normal 8.881784e-15 1.000000e+00 0.000000e+00
    outer loop
      vertex   1.160000e+02 -1.250000e+01 7.500000e+00
      vertex   1.140000e+02 -1.250000e+01 5.000000e-01
      vertex   1.140000e+02 -1.250000e+01 7.500000e+00
    endloop
  endfacet
  facet normal 7.071068e-01 7.071068e-01 -0.000000e+00
    outer loop
      vertex   1.140000e+02 -1.250000e+01 5.000000e-01
      vertex   1.025000e+02 -1.000000e+00 5.000000e-01
      vertex   1.140000e+02 -1.250000e+01 7.500000e+00
    endloop
  endfacet
  facet normal 7.071068e-01 7.071068e-01 0.000000e+00
    outer loop
      vertex   1.140000e+02 -1.250000e+01 7.500000e+00
      vertex   1.025000e+02 -1.000000e+00 5.000000e-01
      vertex   1.025000e+02 -1.000000e+00 7.500000e+00
    endloop
  endfacet
  facet normal 1.000000e+00 0.000000e+00 0.000000e+00
    outer loop
      vertex   1.025000e+02 -1.000000e+00 5.000000e-01
      vertex   1.025000e+02 1.000000e+00 5.000000e-01
      vertex   1.025000e+02 -1.000000e+00 7.500000e+00
    endloop
  endfacet
  facet normal 1.000000e+00 -0.000000e+00 0.000000e+00
    outer loop
      vertex   1.025000e+02 -1.000000e+00 7.500000e+00
      vertex   1.025000e+02 1.000000e+00 5.000000e-01
      vertex   1.025000e+02 1.000000e+00 7.500000e+00
    endloop
  endfacet
  facet normal 0.000000e+00 -0.000000e+00 -1.000000e+00
    outer loop
      vertex   6.700000e+01 -2.000000e+00 0.000000e+00
      vertex   9.670711e+01 -4.500000e+00 0.000000e+00
      vertex   5.800000e+01 -2.000000e+00 0.000000e+00
    endloop
  endfacet
  facet normal 0.000000e+00 -0.000000e+00 -1.000000e+00
    outer loop
      vertex   5.800000e+01 -2.000000e+00 0.000000e+00
      vertex   9.670711e+01 -4.500000e+00 0.000000e+00
      vertex   1.829289e+01 -4.500000e+00 0.000000e+00
    endloop
  endfacet
  facet normal -0.000000e+00 0.000000e+00 -1.000000e+00
    outer loop
      vertex   5.800000e+01 -2.000000e+00 0.000000e+00
      vertex   1.829289e+01 -4.500000e+00 0.000000e+00
      vertex   5.700000e+01 -2.000000e+00 0.000000e+00
    endloop
  endfacet
  facet normal 0.000000e+00 0.000000e+00 -1.000000e+00
    outer loop
      vertex   5.700000e+01 -2.000000e+00 0.000000e+00
      vertex   1.829289e+01 -4.500000e+00 0.000000e+00
      vertex   4.800000e+01 -2.000000e+00 0.000000e+00
    endloop
  endfacet
  facet normal -0.000000e+00 0.000000e+00 -1.000000e+00
    outer loop
      vertex   4.800000e+01 -2.000000e+00 0.000000e+00
      vertex   1.829289e+01 -4.500000e+00 0.000000e+00
      vertex   1.300000e+01 -1.207107e+00 0.000000e+00
    endloop
  endfacet
  facet normal 0.000000e+00 0.000000e+00 -1.000000e+00
    outer loop
      vertex   4.800000e+01 -2.000000e+00 0.000000e+00
      vertex   1.300000e+01 -1.207107e+00 0.000000e+00
      vertex   1.300000e+01 1.207107e+00 0.000000e+00
    endloop
  endfacet
  facet normal 0.000000e+00 0.000000e+00 -1.000000e+00
    outer loop
      vertex   6.700000e+01 2.000000e+00 0.000000e+00
      vertex   1.020000e+02 1.207107e+00 0.000000e+00
      vertex   6.700000e+01 -2.000000e+00 0.000000e+00
    endloop
  endfacet
  facet normal 0.000000e+00 0.000000e+00 -1.000000e+00
    outer loop
      vertex   6.700000e+01 -2.000000e+00 0.000000e+00
      vertex   1.020000e+02 1.207107e+00 0.000000e+00
      vertex   1.020000e+02 -1.207107e+00 0.000000e+00
    endloop
  endfacet
  facet normal 0.000000e+00 0.000000e+00 -1.000000e+00
    outer loop
      vertex   6.700000e+01 -2.000000e+00 0.000000e+00
      vertex   1.020000e+02 -1.207107e+00 0.000000e+00
      vertex   9.670711e+01 -4.500000e+00 0.000000e+00
    endloop
  endfacet
  facet normal 0.000000e+00 0.000000e+00 -1.000000e+00
    outer loop
      vertex   9.670711e+01 -4.500000e+00 0.000000e+00
      vertex   1.020000e+02 -1.207107e+00 0.000000e+00
      vertex   9.800000e+01 -5.792893e+00 0.000000e+00
    endloop
  endfacet
  facet normal 0.000000e+00 0.000000e+00 -1.000000e+00
    outer loop
      vertex   9.800000e+01 -5.792893e+00 0.000000e+00
      vertex   1.020000e+02 -1.207107e+00 0.000000e+00
      vertex   1.137929e+02 -1.300000e+01 0.000000e+00
    endloop
  endfacet
  facet normal 0.000000e+00 -0.000000e+00 -1.000000e+00
    outer loop
      vertex   9.800000e+01 -5.792893e+00 0.000000e+00
      vertex   1.137929e+02 -1.300000e+01 0.000000e+00
      vertex   9.800000e+01 -1.629289e+01 0.000000e+00
    endloop
  endfacet
  facet normal 0.000000e+00 0.000000e+00 -1.000000e+00
    outer loop
      vertex   9.800000e+01 -1.629289e+01 0.000000e+00
      vertex   1.137929e+02 -1.300000e+01 0.000000e+00
      vertex   9.870711e+01 -1.700000e+01 0.000000e+00
    endloop
  endfacet
  facet normal 0.000000e+00 0.000000e+00 -1.000000e+00
    outer loop
      vertex   9.870711e+01 -1.700000e+01 0.000000e+00
      vertex   1.137929e+02 -1.300000e+01 0.000000e+00
      vertex   1.162071e+02 -1.300000e+01 0.000000e+00
    endloop
  endfacet
  facet normal 0.000000e+00 0.000000e+00 -1.000000e+00
    outer loop
      vertex   9.870711e+01 -1.700000e+01 0.000000e+00
      vertex   1.162071e+02 -1.300000e+01 0.000000e+00
      vertex   1.312929e+02 -1.700000e+01 0.000000e+00
    endloop
  endfacet
  facet normal 0.000000e+00 0.000000e+00 -1.000000e+00
    outer loop
      vertex   1.312929e+02 -1.700000e+01 0.000000e+00
      vertex   1.162071e+02 -1.300000e+01 0.000000e+00
      vertex   1.320000e+02 -1.629289e+01 0.000000e+00
    endloop
  endfacet
  facet normal 0.000000e+00 0.000000e+00 -1.000000e+00
    outer loop
      vertex   1.320000e+02 -1.629289e+01 0.000000e+00
      vertex   1.162071e+02 -1.300000e+01 0.000000e+00
      vertex   1.280000e+02 -1.207107e+00 0.000000e+00
    endloop
  endfacet
  facet normal 0.000000e+00 0.000000e+00 -1.000000e+00
    outer loop
      vertex   1.320000e+02 -1.629289e+01 0.000000e+00
      vertex   1.280000e+02 -1.207107e+00 0.000000e+00
      vertex   1.280000e+02 1.207107e+00 0.000000e+00
    endloop
  endfacet
  facet normal 0.000000e+00 0.000000e+00 -1.000000e+00
    outer loop
      vertex   1.020000e+02 1.207107e+00 0.000000e+00
      vertex   6.700000e+01 2.000000e+00 0.000000e+00
      vertex   9.670711e+01 4.500000e+00 0.000000e+00
    endloop
  endfacet
  facet normal 0.000000e+00 0.000000e+00 -1.000000e+00
    outer loop
      vertex   9.670711e+01 4.500000e+00 0.000000e+00
      vertex   6.700000e+01 2.000000e+00 0.000000e+00
      vertex   5.800000e+01 2.000000e+00 0.000000e+00
    endloop
  endfacet
  facet normal 0.000000e+00 0.000000e+00 -1.000000e+00
    outer loop
      vertex   9.670711e+01 4.500000e+00 0.000000e+00
      vertex   5.800000e+01 2.000000e+00 0.000000e+00
      vertex   5.700000e+01 2.000000e+00 0.000000e+00
    endloop
  endfacet
  facet normal 0.000000e+00 0.000000e+00 -1.000000e+00
    outer loop
      vertex   5.700000e+01 2.000000e+00 0.000000e+00
      vertex   5.800000e+01 2.000000e+00 0.000000e+00
      vertex   5.700000e+01 -2.000000e+00 0.000000e+00
    endloop
  endfacet
  facet normal 0.000000e+00 0.000000e+00 -1.000000e+00
    outer loop
      vertex   5.700000e+01 -2.000000e+00 0.000000e+00
      vertex   5.800000e+01 2.000000e+00 0.000000e+00
      vertex   5.800000e+01 -2.000000e+00 0.000000e+00
    endloop
  endfacet
  facet normal 0.000000e+00 0.000000e+00 -1.000000e+00
    outer loop
      vertex   -1.207107e+00 1.300000e+01 0.000000e+00
      vertex   1.629289e+01 1.700000e+01 0.000000e+00
      vertex   1.207107e+00 1.300000e+01 0.000000e+00
    endloop
  endfacet
  facet normal 0.000000e+00 0.000000e+00 -1.000000e+00
    outer loop
      vertex   1.207107e+00 1.300000e+01 0.000000e+00
      vertex   1.629289e+01 1.700000e+01 0.000000e+00
      vertex   1.700000e+01 1.629289e+01 0.000000e+00
    endloop
  endfacet
  facet normal 0.000000e+00 0.000000e+00 -1.000000e+00
    outer loop
      vertex   1.207107e+00 1.300000e+01 0.000000e+00
      vertex   1.700000e+01 1.629289e+01 0.000000e+00
      vertex   1.700000e+01 5.792893e+00 0.000000e+00
    endloop
  endfacet
  facet normal 0.000000e+00 0.000000e+00 -1.000000e+00
    outer loop
      vertex   -1.300000e+01 1.207107e+00 0.000000e+00
      vertex   -1.700000e+01 1.629289e+01 0.000000e+00
      vertex   -1.207107e+00 1.300000e+01 0.000000e+00
    endloop
  endfacet
  facet normal 0.000000e+00 0.000000e+00 -1.000000e+00
    outer loop
      vertex   -1.207107e+00 1.300000e+01 0.000000e+00
      vertex   -1.700000e+01 1.629289e+01 0.000000e+00
      vertex   -1.629289e+01 1.700000e+01 0.000000e+00
    endloop
  endfacet
  facet normal 0.000000e+00 0.000000e+00 -1.000000e+00
    outer loop
      vertex   -1.207107e+00 1.300000e+01 0.000000e+00
      vertex   -1.629289e+01 1.700000e+01 0.000000e+00
      vertex   1.629289e+01 1.700000e+01 0.000000e+00
    endloop
  endfacet
  facet normal 0.000000e+00 -0.000000e+00 -1.000000e+00
    outer loop
      vertex   -1.700000e+01 1.629289e+01 0.000000e+00
      vertex   -1.300000e+01 1.207107e+00 0.000000e+00
      vertex   -1.700000e+01 -1.629289e+01 0.000000e+00
    endloop
  endfacet
  facet normal 0.000000e+00 0.000000e+00 -1.000000e+00
    outer loop
      vertex   -1.700000e+01 -1.629289e+01 0.000000e+00
      vertex   -1.300000e+01 1.207107e+00 0.000000e+00
      vertex   -1.300000e+01 -1.207107e+00 0.000000e+00
    endloop
  endfacet
  facet normal 0.000000e+00 0.000000e+00 -1.000000e+00
    outer loop
      vertex   -1.700000e+01 -1.629289e+01 0.000000e+00
      vertex   -1.300000e+01 -1.207107e+00 0.000000e+00
      vertex   -1.207107e+00 -1.300000e+01 0.000000e+00
    endloop
  endfacet
  facet normal 0.000000e+00 0.000000e+00 -1.000000e+00
    outer loop
      vertex   -1.700000e+01 -1.629289e+01 0.000000e+00
      vertex   -1.207107e+00 -1.300000e+01 0.000000e+00
      vertex   -1.629289e+01 -1.700000e+01 0.000000e+00
    endloop
  endfacet
  facet normal 0.000000e+00 0.000000e+00 -1.000000e+00
    outer loop
      vertex   -1.629289e+01 -1.700000e+01 0.000000e+00
      vertex   -1.207107e+00 -1.300000e+01 0.000000e+00
      vertex   1.207107e+00 -1.300000e+01 0.000000e+00
    endloop
  endfacet
  facet normal 0.000000e+00 0.000000e+00 -1.000000e+00
    outer loop
      vertex   -1.629289e+01 -1.700000e+01 0.000000e+00
      vertex   1.207107e+00 -1.300000e+01 0.000000e+00
      vertex   1.629289e+01 -1.700000e+01 0.000000e+00
    endloop
  endfacet
  facet normal 0.000000e+00 0.000000e+00 -1.000000e+00
    outer loop
      vertex   1.629289e+01 -1.700000e+01 0.000000e+00
      vertex   1.207107e+00 -1.300000e+01 0.000000e+00
      vertex   1.700000e+01 -1.629289e+01 0.000000e+00
    endloop
  endfacet
  facet normal 0.000000e+00 0.000000e+00 -1.000000e+00
    outer loop
      vertex   1.700000e+01 -1.629289e+01 0.000000e+00
      vertex   1.207107e+00 -1.300000e+01 0.000000e+00
      vertex   1.700000e+01 -5.792893e+00 0.000000e+00
    endloop
  endfacet
  facet normal -0.000000e+00 0.000000e+00 -1.000000e+00
    outer loop
      vertex   1.700000e+01 -5.792893e+00 0.000000e+00
      vertex   1.207107e+00 -1.300000e+01 0.000000e+00
      vertex   1.300000e+01 -1.207107e+00 0.000000e+00
    endloop
  endfacet
  facet normal 0.000000e+00 0.000000e+00 -1.000000e+00
    outer loop
      vertex   1.700000e+01 -5.792893e+00 0.000000e+00
      vertex   1.300000e+01 -1.207107e+00 0.000000e+00
      vertex   1.829289e+01 -4.500000e+00 0.000000e+00
    endloop
  endfacet
  facet normal 0.000000e+00 0.000000e+00 -1.000000e+00
    outer loop
      vertex   1.207107e+00 1.300000e+01 0.000000e+00
      vertex   1.700000e+01 5.792893e+00 0.000000e+00
      vertex   1.300000e+01 1.207107e+00 0.000000e+00
    endloop
  endfacet
  facet normal 0.000000e+00 0.000000e+00 -1.000000e+00
    outer loop
      vertex   1.300000e+01 1.207107e+00 0.000000e+00
      vertex   1.700000e+01 5.792893e+00 0.000000e+00
      vertex   1.829289e+01 4.500000e+00 0.000000e+00
    endloop
  endfacet
  facet normal 0.000000e+00 0.000000e+00 -1.000000e+00
    outer loop
      vertex   1.300000e+01 1.207107e+00 0.000000e+00
      vertex   1.829289e+01 4.500000e+00 0.000000e+00
      vertex   4.800000e+01 2.000000e+00 0.000000e+00
    endloop
  endfacet
  facet normal 0.000000e+00 0.000000e+00 -1.000000e+00
    outer loop
      vertex   4.800000e+01 2.000000e+00 0.000000e+00
      vertex   1.829289e+01 4.500000e+00 0.000000e+00
      vertex   5.700000e+01 2.000000e+00 0.000000e+00
    endloop
  endfacet
  facet normal 0.000000e+00 0.000000e+00 -1.000000e+00
    outer loop
      vertex   5.700000e+01 2.000000e+00 0.000000e+00
      vertex   1.829289e+01 4.500000e+00 0.000000e+00
      vertex   9.670711e+01 4.500000e+00 0.000000e+00
    endloop
  endfacet
  facet normal 0.000000e+00 0.000000e+00 -1.000000e+00
    outer loop
      vertex   9.670711e+01 4.500000e+00 0.000000e+00
      vertex   9.800000e+01 5.792893e+00 0.000000e+00
      vertex   1.020000e+02 1.207107e+00 0.000000e+00
    endloop
  endfacet
  facet normal 0.000000e+00 0.000000e+00 -1.000000e+00
    outer loop
      vertex   1.020000e+02 1.207107e+00 0.000000e+00
      vertex   9.800000e+01 5.792893e+00 0.000000e+00
      vertex   1.137929e+02 1.300000e+01 0.000000e+00
    endloop
  endfacet
  facet normal -0.000000e+00 0.000000e+00 -1.000000e+00
    outer loop
      vertex   1.137929e+02 1.300000e+01 0.000000e+00
      vertex   9.800000e+01 5.792893e+00 0.000000e+00
      vertex   9.800000e+01 1.629289e+01 0.000000e+00
    endloop
  endfacet
  facet normal 0.000000e+00 0.000000e+00 -1.000000e+00
    outer loop
      vertex   1.137929e+02 1.300000e+01 0.000000e+00
      vertex   9.800000e+01 1.629289e+01 0.000000e+00
      vertex   9.870711e+01 1.700000e+01 0.000000e+00
    endloop
  endfacet
  facet normal 0.000000e+00 0.000000e+00 -1.000000e+00
    outer loop
      vertex   9.870711e+01 1.700000e+01 0.000000e+00
      vertex   1.312929e+02 1.700000e+01 0.000000e+00
      vertex   1.137929e+02 1.300000e+01 0.000000e+00
    endloop
  endfacet
  facet normal 0.000000e+00 0.000000e+00 -1.000000e+00
    outer loop
      vertex   1.137929e+02 1.300000e+01 0.000000e+00
      vertex   1.312929e+02 1.700000e+01 0.000000e+00
      vertex   1.162071e+02 1.300000e+01 0.000000e+00
    endloop
  endfacet
  facet normal 0.000000e+00 0.000000e+00 -1.000000e+00
    outer loop
      vertex   1.162071e+02 1.300000e+01 0.000000e+00
      vertex   1.312929e+02 1.700000e+01 0.000000e+00
      vertex   1.320000e+02 1.629289e+01 0.000000e+00
    endloop
  endfacet
  facet normal 0.000000e+00 0.000000e+00 -1.000000e+00
    outer loop
      vertex   1.162071e+02 1.300000e+01 0.000000e+00
      vertex   1.320000e+02 1.629289e+01 0.000000e+00
      vertex   1.280000e+02 1.207107e+00 0.000000e+00
    endloop
  endfacet
  facet normal 0.000000e+00 0.000000e+00 -1.000000e+00
    outer loop
      vertex   1.280000e+02 1.207107e+00 0.000000e+00
      vertex   1.320000e+02 1.629289e+01 0.000000e+00
      vertex   1.320000e+02 -1.629289e+01 0.000000e+00
    endloop
  endfacet
  facet normal 0.000000e+00 -0.000000e+00 -1.000000e+00
    outer loop
      vertex   4.800000e+01 2.000000e+00 0.000000e+00
      vertex   4.800000e+01 -2.000000e+00 0.000000e+00
      vertex   1.300000e+01 1.207107e+00 0.000000e+00
    endloop
  endfacet
  facet normal 6.243394e-15 7.071068e-01 7.071068e-01
    outer loop
      vertex   1.137929e+02 -1.300000e+01 8.000000e+00
      vertex   1.162071e+02 -1.300000e+01 8.000000e+00
      vertex   1.140000e+02 -1.250000e+01 7.500000e+00
    endloop
  endfacet
  facet normal 6.280370e-15 7.071068e-01 7.071068e-01
    outer loop
      vertex   1.140000e+02 -1.250000e+01 7.500000e+00
      vertex   1.162071e+02 -1.300000e+01 8.000000e+00
      vertex   1.160000e+02 -1.250000e+01 7.500000e+00
    endloop
  endfacet
  facet normal -5.000000e-01 5.000000e-01 7.071068e-01
    outer loop
      vertex   1.280000e+02 -1.207107e+00 8.000000e+00
      vertex   1.275000e+02 -1.000000e+00 7.500000e+00
      vertex   1.162071e+02 -1.300000e+01 8.000000e+00
    endloop
  endfacet
  facet normal -5.000000e-01 5.000000e-01 7.071068e-01
    outer loop
      vertex   1.162071e+02 -1.300000e+01 8.000000e+00
      vertex   1.275000e+02 -1.000000e+00 7.500000e+00
      vertex   1.160000e+02 -1.250000e+01 7.500000e+00
    endloop
  endfacet
  facet normal -7.071068e-01 0.000000e+00 7.071068e-01
    outer loop
      vertex   1.280000e+02 1.207107e+00 8.000000e+00
      vertex   1.275000e+02 1.000000e+00 7.500000e+00
      vertex   1.280000e+02 -1.207107e+00 8.000000e+00
    endloop
  endfacet
  facet normal -7.071068e-01 0.000000e+00 7.071068e-01
    outer loop
      vertex   1.280000e+02 -1.207107e+00 8.000000e+00
      vertex   1.275000e+02 1.000000e+00 7.500000e+00
      vertex   1.275000e+02 -1.000000e+00 7.500000e+00
    endloop
  endfacet
  facet normal -5.000000e-01 -5.000000e-01 7.071068e-01
    outer loop
      vertex   1.280000e+02 1.207107e+00 8.000000e+00
      vertex   1.162071e+02 1.300000e+01 8.000000e+00
      vertex   1.275000e+02 1.000000e+00 7.500000e+00
    endloop
  endfacet
  facet normal -5.000000e-01 -5.000000e-01 7.071068e-01
    outer loop
      vertex   1.275000e+02 1.000000e+00 7.500000e+00
      vertex   1.162071e+02 1.300000e+01 8.000000e+00
      vertex   1.160000e+02 1.250000e+01 7.500000e+00
    endloop
  endfacet
  facet normal -1.040566e-15 -7.071068e-01 7.071068e-01
    outer loop
      vertex   1.162071e+02 1.300000e+01 8.000000e+00
      vertex   1.137929e+02 1.300000e+01 8.000000e+00
      vertex   1.160000e+02 1.250000e+01 7.500000e+00
    endloop
  endfacet
  facet normal -2.512148e-15 -7.071068e-01 7.071068e-01
    outer loop
      vertex   1.160000e+02 1.250000e+01 7.500000e+00
      vertex   1.137929e+02 1.300000e+01 8.000000e+00
      vertex   1.140000e+02 1.250000e+01 7.500000e+00
    endloop
  endfacet
  facet normal 5.000000e-01 -5.000000e-01 7.071068e-01
    outer loop
      vertex   1.140000e+02 1.250000e+01 7.500000e+00
      vertex   1.137929e+02 1.300000e+01 8.000000e+00
      vertex   1.025000e+02 1.000000e+00 7.500000e+00
    endloop
  endfacet
  facet normal 5.000000e-01 -5.000000e-01 7.071068e-01
    outer loop
      vertex   1.025000e+02 1.000000e+00 7.500000e+00
      vertex   1.137929e+02 1.300000e+01 8.000000e+00
      vertex   1.020000e+02 1.207107e+00 8.000000e+00
    endloop
  endfacet
  facet normal 7.071068e-01 -0.000000e+00 7.071068e-01
    outer loop
      vertex   1.025000e+02 -1.000000e+00 7.500000e+00
      vertex   1.025000e+02 1.000000e+00 7.500000e+00
      vertex   1.020000e+02 -1.207107e+00 8.000000e+00
    endloop
  endfacet
  facet normal 7.071068e-01 -0.000000e+00 7.071068e-01
    outer loop
      vertex   1.020000e+02 -1.207107e+00 8.000000e+00
      vertex   1.025000e+02 1.000000e+00 7.500000e+00
      vertex   1.020000e+02 1.207107e+00 8.000000e+00
    endloop
  endfacet
  facet normal 5.000000e-01 5.000000e-01 7.071068e-01
    outer loop
      vertex   1.140000e+02 -1.250000e+01 7.500000e+00
      vertex   1.025000e+02 -1.000000e+00 7.500000e+00
      vertex   1.137929e+02 -1.300000e+01 8.000000e+00
    endloop
  endfacet
  facet normal 5.000000e-01 5.000000e-01 7.071068e-01
    outer loop
      vertex   1.137929e+02 -1.300000e+01 8.000000e+00
      vertex   1.025000e+02 -1.000000e+00 7.500000e+00
      vertex   1.020000e+02 -1.207107e+00 8.000000e+00
    endloop
  endfacet
  facet normal 7.071068e-01 -7.071068e-01 0.000000e+00
    outer loop
      vertex   1.025000e+02 1.000000e+00 5.000000e-01
      vertex   1.140000e+02 1.250000e+01 5.000000e-01
      vertex   1.025000e+02 1.000000e+00 7.500000e+00
    endloop
  endfacet
  facet normal 7.071068e-01 -7.071068e-01 0.000000e+00
    outer loop
      vertex   1.025000e+02 1.000000e+00 7.500000e+00
      vertex   1.140000e+02 1.250000e+01 5.000000e-01
      vertex   1.140000e+02 1.250000e+01 7.500000e+00
    endloop
  endfacet
  facet normal 0.000000e+00 0.000000e+00 1.000000e+00
    outer loop
      vertex   6.700000e+01 -2.000000e+00 8.000000e+00
      vertex   1.020000e+02 1.207107e+00 8.000000e+00
      vertex   6.700000e+01 2.000000e+00 8.000000e+00
    endloop
  endfacet
  facet normal -0.000000e+00 0.000000e+00 1.000000e+00
    outer loop
      vertex   6.700000e+01 2.000000e+00 8.000000e+00
      vertex   1.020000e+02 1.207107e+00 8.000000e+00
      vertex   9.670711e+01 4.500000e+00 8.000000e+00
    endloop
  endfacet
  facet normal 0.000000e+00 -0.000000e+00 1.000000e+00
    outer loop
      vertex   6.700000e+01 2.000000e+00 8.000000e+00
      vertex   9.670711e+01 4.500000e+00 8.000000e+00
      vertex   5.800000e+01 2.000000e+00 8.000000e+00
    endloop
  endfacet
  facet normal 0.000000e+00 -0.000000e+00 1.000000e+00
    outer loop
      vertex   5.800000e+01 2.000000e+00 8.000000e+00
      vertex   9.670711e+01 4.500000e+00 8.000000e+00
      vertex   1.900000e+01 4.500000e+00 8.000000e+00
    endloop
  endfacet
  facet normal 0.000000e+00 0.000000e+00 1.000000e+00
    outer loop
      vertex   5.800000e+01 2.000000e+00 8.000000e+00
      vertex   1.900000e+01 4.500000e+00 8.000000e+00
      vertex   5.700000e+01 2.000000e+00 8.000000e+00
    endloop
  endfacet
  facet normal 0.000000e+00 0.000000e+00 1.000000e+00
    outer loop
      vertex   5.700000e+01 2.000000e+00 8.000000e+00
      vertex   1.900000e+01 4.500000e+00 8.000000e+00
      vertex   4.800000e+01 2.000000e+00 8.000000e+00
    endloop
  endfacet
  facet normal 0.000000e+00 0.000000e+00 1.000000e+00
    outer loop
      vertex   4.800000e+01 2.000000e+00 8.000000e+00
      vertex   1.900000e+01 4.500000e+00 8.000000e+00
      vertex   1.300000e+01 1.207107e+00 8.000000e+00
    endloop
  endfacet
  facet normal 0.000000e+00 0.000000e+00 1.000000e+00
    outer loop
      vertex   4.800000e+01 2.000000e+00 8.000000e+00
      vertex   1.300000e+01 1.207107e+00 8.000000e+00
      vertex   4.800000e+01 -2.000000e+00 8.000000e+00
    endloop
  endfacet
  facet normal 0.000000e+00 0.000000e+00 1.000000e+00
    outer loop
      vertex   4.800000e+01 -2.000000e+00 8.000000e+00
      vertex   1.300000e+01 1.207107e+00 8.000000e+00
      vertex   1.300000e+01 -1.207107e+00 8.000000e+00
    endloop
  endfacet
  facet normal 0.000000e+00 0.000000e+00 1.000000e+00
    outer loop
      vertex   4.800000e+01 -2.000000e+00 8.000000e+00
      vertex   1.300000e+01 -1.207107e+00 8.000000e+00
      vertex   1.829289e+01 -4.500000e+00 8.000000e+00
    endloop
  endfacet
  facet normal 0.000000e+00 0.000000e+00 1.000000e+00
    outer loop
      vertex   1.829289e+01 -4.500000e+00 8.000000e+00
      vertex   1.300000e+01 -1.207107e+00 8.000000e+00
      vertex   1.700000e+01 -5.792893e+00 8.000000e+00
    endloop
  endfacet
  facet normal 0.000000e+00 0.000000e+00 1.000000e+00
    outer loop
      vertex   1.700000e+01 -5.792893e+00 8.000000e+00
      vertex   1.300000e+01 -1.207107e+00 8.000000e+00
      vertex   1.207107e+00 -1.300000e+01 8.000000e+00
    endloop
  endfacet
  facet normal 0.000000e+00 0.000000e+00 1.000000e+00
    outer loop
      vertex   1.700000e+01 -5.792893e+00 8.000000e+00
      vertex   1.207107e+00 -1.300000e+01 8.000000e+00
      vertex   1.700000e+01 -1.629289e+01 8.000000e+00
    endloop
  endfacet
  facet normal 0.000000e+00 0.000000e+00 1.000000e+00
    outer loop
      vertex   1.700000e+01 -1.629289e+01 8.000000e+00
      vertex   1.207107e+00 -1.300000e+01 8.000000e+00
      vertex   1.629289e+01 -1.700000e+01 8.000000e+00
    endloop
  endfacet
  facet normal 0.000000e+00 0.000000e+00 1.000000e+00
    outer loop
      vertex   1.629289e+01 -1.700000e+01 8.000000e+00
      vertex   1.207107e+00 -1.300000e+01 8.000000e+00
      vertex   -1.207107e+00 -1.300000e+01 8.000000e+00
    endloop
  endfacet
  facet normal 0.000000e+00 0.000000e+00 1.000000e+00
    outer loop
      vertex   1.629289e+01 -1.700000e+01 8.000000e+00
      vertex   -1.207107e+00 -1.300000e+01 8.000000e+00
      vertex   -1.629289e+01 -1.700000e+01 8.000000e+00
    endloop
  endfacet
  facet normal 0.000000e+00 -0.000000e+00 1.000000e+00
    outer loop
      vertex   -1.629289e+01 -1.700000e+01 8.000000e+00
      vertex   -1.207107e+00 -1.300000e+01 8.000000e+00
      vertex   -1.700000e+01 -1.629289e+01 8.000000e+00
    endloop
  endfacet
  facet normal 0.000000e+00 0.000000e+00 1.000000e+00
    outer loop
      vertex   -1.700000e+01 -1.629289e+01 8.000000e+00
      vertex   -1.207107e+00 -1.300000e+01 8.000000e+00
      vertex   -1.300000e+01 -1.207107e+00 8.000000e+00
    endloop
  endfacet
  facet normal 0.000000e+00 0.000000e+00 1.000000e+00
    outer loop
      vertex   -1.700000e+01 -1.629289e+01 8.000000e+00
      vertex   -1.300000e+01 -1.207107e+00 8.000000e+00
      vertex   -1.300000e+01 1.207107e+00 8.000000e+00
    endloop
  endfacet
  facet normal -0.000000e+00 0.000000e+00 1.000000e+00
    outer loop
      vertex   5.800000e+01 -2.000000e+00 8.000000e+00
      vertex   9.670711e+01 -4.500000e+00 8.000000e+00
      vertex   6.700000e+01 -2.000000e+00 8.000000e+00
    endloop
  endfacet
  facet normal -0.000000e+00 0.000000e+00 1.000000e+00
    outer loop
      vertex   6.700000e+01 -2.000000e+00 8.000000e+00
      vertex   9.670711e+01 -4.500000e+00 8.000000e+00
      vertex   1.020000e+02 -1.207107e+00 8.000000e+00
    endloop
  endfacet
  facet normal 0.000000e+00 0.000000e+00 1.000000e+00
    outer loop
      vertex   6.700000e+01 -2.000000e+00 8.000000e+00
      vertex   1.020000e+02 -1.207107e+00 8.000000e+00
      vertex   1.020000e+02 1.207107e+00 8.000000e+00
    endloop
  endfacet
  facet normal 0.000000e+00 0.000000e+00 1.000000e+00
    outer loop
      vertex   5.800000e+01 2.000000e+00 8.000000e+00
      vertex   5.700000e+01 2.000000e+00 8.000000e+00
      vertex   5.800000e+01 -2.000000e+00 8.000000e+00
    endloop
  endfacet
  facet normal 0.000000e+00 0.000000e+00 1.000000e+00
    outer loop
      vertex   5.800000e+01 -2.000000e+00 8.000000e+00
      vertex   5.700000e+01 2.000000e+00 8.000000e+00
      vertex   5.700000e+01 -2.000000e+00 8.000000e+00
    endloop
  endfacet
  facet normal 0.000000e+00 0.000000e+00 1.000000e+00
    outer loop
      vertex   5.800000e+01 -2.000000e+00 8.000000e+00
      vertex   5.700000e+01 -2.000000e+00 8.000000e+00
      vertex   9.670711e+01 -4.500000e+00 8.000000e+00
    endloop
  endfacet
  facet normal 0.000000e+00 0.000000e+00 1.000000e+00
    outer loop
      vertex   9.670711e+01 -4.500000e+00 8.000000e+00
      vertex   5.700000e+01 -2.000000e+00 8.000000e+00
      vertex   1.829289e+01 -4.500000e+00 8.000000e+00
    endloop
  endfacet
  facet normal 0.000000e+00 0.000000e+00 1.000000e+00
    outer loop
      vertex   1.829289e+01 -4.500000e+00 8.000000e+00
      vertex   5.700000e+01 -2.000000e+00 8.000000e+00
      vertex   4.800000e+01 -2.000000e+00 8.000000e+00
    endloop
  endfacet
  facet normal 0.000000e+00 0.000000e+00 1.000000e+00
    outer loop
      vertex   -1.700000e+01 -1.629289e+01 8.000000e+00
      vertex   -1.300000e+01 1.207107e+00 8.000000e+00
      vertex   -1.700000e+01 1.629289e+01 8.000000e+00
    endloop
  endfacet
  facet normal 0.000000e+00 0.000000e+00 1.000000e+00
    outer loop
      vertex   -1.700000e+01 1.629289e+01 8.000000e+00
      vertex   -1.300000e+01 1.207107e+00 8.000000e+00
      vertex   -1.207107e+00 1.300000e+01 8.000000e+00
    endloop
  endfacet
  facet normal -0.000000e+00 0.000000e+00 1.000000e+00
    outer loop
      vertex   -1.700000e+01 1.629289e+01 8.000000e+00
      vertex   -1.207107e+00 1.300000e+01 8.000000e+00
      vertex   -1.629289e+01 1.700000e+01 8.000000e+00
    endloop
  endfacet
  facet normal 0.000000e+00 0.000000e+00 1.000000e+00
    outer loop
      vertex   -1.629289e+01 1.700000e+01 8.000000e+00
      vertex   -1.207107e+00 1.300000e+01 8.000000e+00
      vertex   1.207107e+00 1.300000e+01 8.000000e+00
    endloop
  endfacet
  facet normal -0.000000e+00 0.000000e+00 1.000000e+00
    outer loop
      vertex   -1.629289e+01 1.700000e+01 8.000000e+00
      vertex   1.207107e+00 1.300000e+01 8.000000e+00
      vertex   1.629289e+01 1.700000e+01 8.000000e+00
    endloop
  endfacet
  facet normal 0.000000e+00 0.000000e+00 1.000000e+00
    outer loop
      vertex   1.629289e+01 1.700000e+01 8.000000e+00
      vertex   1.207107e+00 1.300000e+01 8.000000e+00
      vertex   1.700000e+01 1.629289e+01 8.000000e+00
    endloop
  endfacet
  facet normal 0.000000e+00 0.000000e+00 1.000000e+00
    outer loop
      vertex   1.700000e+01 1.629289e+01 8.000000e+00
      vertex   1.207107e+00 1.300000e+01 8.000000e+00
      vertex   1.700000e+01 6.500000e+00 8.000000e+00
    endloop
  endfacet
  facet normal 0.000000e+00 0.000000e+00 1.000000e+00
    outer loop
      vertex   1.700000e+01 6.500000e+00 8.000000e+00
      vertex   1.207107e+00 1.300000e+01 8.000000e+00
      vertex   1.300000e+01 1.207107e+00 8.000000e+00
    endloop
  endfacet
  facet normal 0.000000e+00 0.000000e+00 1.000000e+00
    outer loop
      vertex   1.700000e+01 6.500000e+00 8.000000e+00
      vertex   1.300000e+01 1.207107e+00 8.000000e+00
      vertex   1.900000e+01 4.500000e+00 8.000000e+00
    endloop
  endfacet
  facet normal -0.000000e+00 0.000000e+00 1.000000e+00
    outer loop
      vertex   9.670711e+01 -4.500000e+00 8.000000e+00
      vertex   9.800000e+01 -5.792893e+00 8.000000e+00
      vertex   1.020000e+02 -1.207107e+00 8.000000e+00
    endloop
  endfacet
  facet normal 0.000000e+00 0.000000e+00 1.000000e+00
    outer loop
      vertex   1.020000e+02 -1.207107e+00 8.000000e+00
      vertex   9.800000e+01 -5.792893e+00 8.000000e+00
      vertex   1.137929e+02 -1.300000e+01 8.000000e+00
    endloop
  endfacet
  facet normal 0.000000e+00 0.000000e+00 1.000000e+00
    outer loop
      vertex   1.137929e+02 -1.300000e+01 8.000000e+00
      vertex   9.800000e+01 -5.792893e+00 8.000000e+00
      vertex   9.800000e+01 -1.629289e+01 8.000000e+00
    endloop
  endfacet
  facet normal 0.000000e+00 0.000000e+00 1.000000e+00
    outer loop
      vertex   1.137929e+02 -1.300000e+01 8.000000e+00
      vertex   9.800000e+01 -1.629289e+01 8.000000e+00
      vertex   9.870711e+01 -1.700000e+01 8.000000e+00
    endloop
  endfacet
  facet normal -0.000000e+00 0.000000e+00 1.000000e+00
    outer loop
      vertex   9.870711e+01 -1.700000e+01 8.000000e+00
      vertex   1.312929e+02 -1.700000e+01 8.000000e+00
      vertex   1.137929e+02 -1.300000e+01 8.000000e+00
    endloop
  endfacet
  facet normal 0.000000e+00 0.000000e+00 1.000000e+00
    outer loop
      vertex   1.137929e+02 -1.300000e+01 8.000000e+00
      vertex   1.312929e+02 -1.700000e+01 8.000000e+00
      vertex   1.162071e+02 -1.300000e+01 8.000000e+00
    endloop
  endfacet
  facet normal 0.000000e+00 0.000000e+00 1.000000e+00
    outer loop
      vertex   1.162071e+02 -1.300000e+01 8.000000e+00
      vertex   1.312929e+02 -1.700000e+01 8.000000e+00
      vertex   1.320000e+02 -1.629289e+01 8.000000e+00
    endloop
  endfacet
  facet normal -0.000000e+00 0.000000e+00 1.000000e+00
    outer loop
      vertex   1.162071e+02 -1.300000e+01 8.000000e+00
      vertex   1.320000e+02 -1.629289e+01 8.000000e+00
      vertex   1.280000e+02 -1.207107e+00 8.000000e+00
    endloop
  endfacet
  facet normal -0.000000e+00 0.000000e+00 1.000000e+00
    outer loop
      vertex   1.280000e+02 -1.207107e+00 8.000000e+00
      vertex   1.320000e+02 -1.629289e+01 8.000000e+00
      vertex   1.280000e+02 1.207107e+00 8.000000e+00
    endloop
  endfacet
  facet normal -0.000000e+00 0.000000e+00 1.000000e+00
    outer loop
      vertex   1.280000e+02 1.207107e+00 8.000000e+00
      vertex   1.320000e+02 -1.629289e+01 8.000000e+00
      vertex   1.320000e+02 1.629289e+01 8.000000e+00
    endloop
  endfacet
  facet normal 0.000000e+00 -0.000000e+00 1.000000e+00
    outer loop
      vertex   1.280000e+02 1.207107e+00 8.000000e+00
      vertex   1.320000e+02 1.629289e+01 8.000000e+00
      vertex   1.162071e+02 1.300000e+01 8.000000e+00
    endloop
  endfacet
  facet normal 0.000000e+00 0.000000e+00 1.000000e+00
    outer loop
      vertex   1.162071e+02 1.300000e+01 8.000000e+00
      vertex   1.320000e+02 1.629289e+01 8.000000e+00
      vertex   1.312929e+02 1.700000e+01 8.000000e+00
    endloop
  endfacet
  facet normal 0.000000e+00 -0.000000e+00 1.000000e+00
    outer loop
      vertex   1.162071e+02 1.300000e+01 8.000000e+00
      vertex   1.312929e+02 1.700000e+01 8.000000e+00
      vertex   9.870711e+01 1.700000e+01 8.000000e+00
    endloop
  endfacet
  facet normal 0.000000e+00 0.000000e+00 1.000000e+00
    outer loop
      vertex   1.162071e+02 1.300000e+01 8.000000e+00
      vertex   9.870711e+01 1.700000e+01 8.000000e+00
      vertex   1.137929e+02 1.300000e+01 8.000000e+00
    endloop
  endfacet
  facet normal 0.000000e+00 0.000000e+00 1.000000e+00
    outer loop
      vertex   1.137929e+02 1.300000e+01 8.000000e+00
      vertex   9.870711e+01 1.700000e+01 8.000000e+00
      vertex   9.800000e+01 1.629289e+01 8.000000e+00
    endloop
  endfacet
  facet normal 0.000000e+00 0.000000e+00 1.000000e+00
    outer loop
      vertex   1.137929e+02 1.300000e+01 8.000000e+00
      vertex   9.800000e+01 1.629289e+01 8.000000e+00
      vertex   9.800000e+01 5.792893e+00 8.000000e+00
    endloop
  endfacet
  facet normal 0.000000e+00 0.000000e+00 1.000000e+00
    outer loop
      vertex   1.137929e+02 1.300000e+01 8.000000e+00
      vertex   9.800000e+01 5.792893e+00 8.000000e+00
      vertex   1.020000e+02 1.207107e+00 8.000000e+00
    endloop
  endfacet
  facet normal 0.000000e+00 0.000000e+00 1.000000e+00
    outer loop
      vertex   1.020000e+02 1.207107e+00 8.000000e+00
      vertex   9.800000e+01 5.792893e+00 8.000000e+00
      vertex   9.670711e+01 4.500000e+00 8.000000e+00
    endloop
  endfacet
  facet normal -7.071068e-01 0.000000e+00 7.071068e-01
    outer loop
      vertex   6.700000e+01 2.000000e+00 8.000000e+00
      vertex   6.650000e+01 1.500000e+00 7.500000e+00
      vertex   6.700000e+01 -2.000000e+00 8.000000e+00
    endloop
  endfacet
  facet normal -7.071068e-01 0.000000e+00 7.071068e-01
    outer loop
      vertex   6.700000e+01 -2.000000e+00 8.000000e+00
      vertex   6.650000e+01 1.500000e+00 7.500000e+00
      vertex   6.650000e+01 -1.500000e+00 7.500000e+00
    endloop
  endfacet
  facet normal 0.000000e+00 -7.071068e-01 7.071068e-01
    outer loop
      vertex   6.700000e+01 2.000000e+00 8.000000e+00
      vertex   5.800000e+01 2.000000e+00 8.000000e+00
      vertex   6.650000e+01 1.500000e+00 7.500000e+00
    endloop
  endfacet
  facet normal 0.000000e+00 -7.071068e-01 7.071068e-01
    outer loop
      vertex   6.650000e+01 1.500000e+00 7.500000e+00
      vertex   5.800000e+01 2.000000e+00 8.000000e+00
      vertex   5.850000e+01 1.500000e+00 7.500000e+00
    endloop
  endfacet
  facet normal -5.887847e-17 7.071068e-01 7.071068e-01
    outer loop
      vertex   6.650000e+01 -1.500000e+00 7.500000e+00
      vertex   5.850000e+01 -1.500000e+00 7.500000e+00
      vertex   6.700000e+01 -2.000000e+00 8.000000e+00
    endloop
  endfacet
  facet normal -3.489094e-17 7.071068e-01 7.071068e-01
    outer loop
      vertex   6.700000e+01 -2.000000e+00 8.000000e+00
      vertex   5.850000e+01 -1.500000e+00 7.500000e+00
      vertex   5.800000e+01 -2.000000e+00 8.000000e+00
    endloop
  endfacet
  facet normal 7.071068e-01 -1.256074e-15 7.071068e-01
    outer loop
      vertex   5.800000e+01 2.000000e+00 8.000000e+00
      vertex   5.800000e+01 -2.000000e+00 8.000000e+00
      vertex   5.850000e+01 1.500000e+00 7.500000e+00
    endloop
  endfacet
  facet normal 7.071068e-01 -3.349531e-15 7.071068e-01
    outer loop
      vertex   5.850000e+01 1.500000e+00 7.500000e+00
      vertex   5.800000e+01 -2.000000e+00 8.000000e+00
      vertex   5.850000e+01 -1.500000e+00 7.500000e+00
    endloop
  endfacet
  facet normal -8.326673e-17 1.000000e+00 0.000000e+00
    outer loop
      vertex   5.850000e+01 -1.500000e+00 7.500000e+00
      vertex   6.650000e+01 -1.500000e+00 7.500000e+00
      vertex   5.850000e+01 -1.500000e+00 5.000000e-01
    endloop
  endfacet
  facet normal -8.326673e-17 1.000000e+00 0.000000e+00
    outer loop
      vertex   5.850000e+01 -1.500000e+00 5.000000e-01
      vertex   6.650000e+01 -1.500000e+00 7.500000e+00
      vertex   6.650000e+01 -1.500000e+00 5.000000e-01
    endloop
  endfacet
  facet normal -1.000000e+00 0.000000e+00 0.000000e+00
    outer loop
      vertex   6.650000e+01 -1.500000e+00 7.500000e+00
      vertex   6.650000e+01 1.500000e+00 7.500000e+00
      vertex   6.650000e+01 -1.500000e+00 5.000000e-01
    endloop
  endfacet
  facet normal -1.000000e+00 0.000000e+00 0.000000e+00
    outer loop
      vertex   6.650000e+01 -1.500000e+00 5.000000e-01
      vertex   6.650000e+01 1.500000e+00 7.500000e+00
      vertex   6.650000e+01 1.500000e+00 5.000000e-01
    endloop
  endfacet
  facet normal -7.071068e-01 0.000000e+00 7.071068e-01
    outer loop
      vertex   5.700000e+01 2.000000e+00 8.000000e+00
      vertex   5.650000e+01 1.500000e+00 7.500000e+00
      vertex   5.700000e+01 -2.000000e+00 8.000000e+00
    endloop
  endfacet
  facet normal -7.071068e-01 0.000000e+00 7.071068e-01
    outer loop
      vertex   5.700000e+01 -2.000000e+00 8.000000e+00
      vertex   5.650000e+01 1.500000e+00 7.500000e+00
      vertex   5.650000e+01 -1.500000e+00 7.500000e+00
    endloop
  endfacet
  facet normal 0.000000e+00 -7.071068e-01 7.071068e-01
    outer loop
      vertex   5.700000e+01 2.000000e+00 8.000000e+00
      vertex   4.800000e+01 2.000000e+00 8.000000e+00
      vertex   5.650000e+01 1.500000e+00 7.500000e+00
    endloop
  endfacet
  facet normal 3.925231e-17 -7.071068e-01 7.071068e-01
    outer loop
      vertex   5.650000e+01 1.500000e+00 7.500000e+00
      vertex   4.800000e+01 2.000000e+00 8.000000e+00
      vertex   4.850000e+01 1.500000e+00 7.500000e+00
    endloop
  endfacet
  facet normal -1.177569e-16 7.071068e-01 7.071068e-01
    outer loop
      vertex   5.650000e+01 -1.500000e+00 7.500000e+00
      vertex   4.850000e+01 -1.500000e+00 7.500000e+00
      vertex   5.700000e+01 -2.000000e+00 8.000000e+00
    endloop
  endfacet
  facet normal -1.570092e-16 7.071068e-01 7.071068e-01
    outer loop
      vertex   5.700000e+01 -2.000000e+00 8.000000e+00
      vertex   4.850000e+01 -1.500000e+00 7.500000e+00
      vertex   4.800000e+01 -2.000000e+00 8.000000e+00
    endloop
  endfacet
  facet normal 7.071068e-01 0.000000e+00 7.071068e-01
    outer loop
      vertex   4.800000e+01 2.000000e+00 8.000000e+00
      vertex   4.800000e+01 -2.000000e+00 8.000000e+00
      vertex   4.850000e+01 1.500000e+00 7.500000e+00
    endloop
  endfacet
  facet normal 7.071068e-01 0.000000e+00 7.071068e-01
    outer loop
      vertex   4.850000e+01 1.500000e+00 7.500000e+00
      vertex   4.800000e+01 -2.000000e+00 8.000000e+00
      vertex   4.850000e+01 -1.500000e+00 7.500000e+00
    endloop
  endfacet
  facet normal -1.665335e-16 1.000000e+00 0.000000e+00
    outer loop
      vertex   4.850000e+01 -1.500000e+00 7.500000e+00
      vertex   5.650000e+01 -1.500000e+00 7.500000e+00
      vertex   4.850000e+01 -1.500000e+00 5.000000e-01
    endloop
  endfacet
  facet normal -1.665335e-16 1.000000e+00 0.000000e+00
    outer loop
      vertex   4.850000e+01 -1.500000e+00 5.000000e-01
      vertex   5.650000e+01 -1.500000e+00 7.500000e+00
      vertex   5.650000e+01 -1.500000e+00 5.000000e-01
    endloop
  endfacet
  facet normal -1.000000e+00 0.000000e+00 0.000000e+00
    outer loop
      vertex   5.650000e+01 -1.500000e+00 7.500000e+00
      vertex   5.650000e+01 1.500000e+00 7.500000e+00
      vertex   5.650000e+01 -1.500000e+00 5.000000e-01
    endloop
  endfacet
  facet normal -1.000000e+00 0.000000e+00 0.000000e+00
    outer loop
      vertex   5.650000e+01 -1.500000e+00 5.000000e-01
      vertex   5.650000e+01 1.500000e+00 7.500000e+00
      vertex   5.650000e+01 1.500000e+00 5.000000e-01
    endloop
  endfacet
  facet normal -5.233642e-17 7.071068e-01 -7.071068e-01
    outer loop
      vertex   6.700000e+01 -2.000000e+00 0.000000e+00
      vertex   5.800000e+01 -2.000000e+00 0.000000e+00
      vertex   6.650000e+01 -1.500000e+00 5.000000e-01
    endloop
  endfacet
  facet normal -5.887847e-17 7.071068e-01 -7.071068e-01
    outer loop
      vertex   6.650000e+01 -1.500000e+00 5.000000e-01
      vertex   5.800000e+01 -2.000000e+00 0.000000e+00
      vertex   5.850000e+01 -1.500000e+00 5.000000e-01
    endloop
  endfacet
  facet normal -7.071068e-01 0.000000e+00 -7.071068e-01
    outer loop
      vertex   6.650000e+01 -1.500000e+00 5.000000e-01
      vertex   6.650000e+01 1.500000e+00 5.000000e-01
      vertex   6.700000e+01 -2.000000e+00 0.000000e+00
    endloop
  endfacet
  facet normal -7.071068e-01 0.000000e+00 -7.071068e-01
    outer loop
      vertex   6.700000e+01 -2.000000e+00 0.000000e+00
      vertex   6.650000e+01 1.500000e+00 5.000000e-01
      vertex   6.700000e+01 2.000000e+00 0.000000e+00
    endloop
  endfacet
  facet normal 0.000000e+00 -7.071068e-01 -7.071068e-01
    outer loop
      vertex   5.800000e+01 2.000000e+00 0.000000e+00
      vertex   6.700000e+01 2.000000e+00 0.000000e+00
      vertex   5.850000e+01 1.500000e+00 5.000000e-01
    endloop
  endfacet
  facet normal 0.000000e+00 -7.071068e-01 -7.071068e-01
    outer loop
      vertex   5.850000e+01 1.500000e+00 5.000000e-01
      vertex   6.700000e+01 2.000000e+00 0.000000e+00
      vertex   6.650000e+01 1.500000e+00 5.000000e-01
    endloop
  endfacet
  facet normal 7.071068e-01 -1.256074e-15 -7.071068e-01
    outer loop
      vertex   5.800000e+01 2.000000e+00 0.000000e+00
      vertex   5.850000e+01 1.500000e+00 5.000000e-01
      vertex   5.800000e+01 -2.000000e+00 0.000000e+00
    endloop
  endfacet
  facet normal 7.071068e-01 -3.349531e-15 -7.071068e-01
    outer loop
      vertex   5.800000e+01 -2.000000e+00 0.000000e+00
      vertex   5.850000e+01 1.500000e+00 5.000000e-01
      vertex   5.850000e+01 -1.500000e+00 5.000000e-01
    endloop
  endfacet
  facet normal -1.221183e-16 7.071068e-01 -7.071068e-01
    outer loop
      vertex   5.700000e+01 -2.000000e+00 0.000000e+00
      vertex   4.800000e+01 -2.000000e+00 0.000000e+00
      vertex   5.650000e+01 -1.500000e+00 5.000000e-01
    endloop
  endfacet
  facet normal -1.177569e-16 7.071068e-01 -7.071068e-01
    outer loop
      vertex   5.650000e+01 -1.500000e+00 5.000000e-01
      vertex   4.800000e+01 -2.000000e+00 0.000000e+00
      vertex   4.850000e+01 -1.500000e+00 5.000000e-01
    endloop
  endfacet
  facet normal -7.071068e-01 0.000000e+00 -7.071068e-01
    outer loop
      vertex   5.650000e+01 -1.500000e+00 5.000000e-01
      vertex   5.650000e+01 1.500000e+00 5.000000e-01
      vertex   5.700000e+01 -2.000000e+00 0.000000e+00
    endloop
  endfacet
  facet normal -7.071068e-01 0.000000e+00 -7.071068e-01
    outer loop
      vertex   5.700000e+01 -2.000000e+00 0.000000e+00
      vertex   5.650000e+01 1.500000e+00 5.000000e-01
      vertex   5.700000e+01 2.000000e+00 0.000000e+00
    endloop
  endfacet
  facet normal 0.000000e+00 -7.071068e-01 -7.071068e-01
    outer loop
      vertex   4.800000e+01 2.000000e+00 0.000000e+00
      vertex   5.700000e+01 2.000000e+00 0.000000e+00
      vertex   4.850000e+01 1.500000e+00 5.000000e-01
    endloop
  endfacet
  facet normal 3.925231e-17 -7.071068e-01 -7.071068e-01
    outer loop
      vertex   4.850000e+01 1.500000e+00 5.000000e-01
      vertex   5.700000e+01 2.000000e+00 0.000000e+00
      vertex   5.650000e+01 1.500000e+00 5.000000e-01
    endloop
  endfacet
  facet normal 7.071068e-01 0.000000e+00 -7.071068e-01
    outer loop
      vertex   4.800000e+01 2.000000e+00 0.000000e+00
      vertex   4.850000e+01 1.500000e+00 5.000000e-01
      vertex   4.800000e+01 -2.000000e+00 0.000000e+00
    endloop
  endfacet
  facet normal 7.071068e-01 0.000000e+00 -7.071068e-01
    outer loop
      vertex   4.800000e+01 -2.000000e+00 0.000000e+00
      vertex   4.850000e+01 1.500000e+00 5.000000e-01
      vertex   4.850000e+01 -1.500000e+00 5.000000e-01
    endloop
  endfacet
  facet normal 5.000000e-01 -5.000000e-01 7.071068e-01
    outer loop
      vertex   -1.300000e+01 1.207107e+00 8.000000e+00
      vertex   -1.250000e+01 1.000000e+00 7.500000e+00
      vertex   -1.207107e+00 1.300000e+01 8.000000e+00
    endloop
  endfacet
  facet normal 5.000000e-01 -5.000000e-01 7.071068e-01
    outer loop
      vertex   -1.207107e+00 1.300000e+01 8.000000e+00
      vertex   -1.250000e+01 1.000000e+00 7.500000e+00
      vertex   -1.000000e+00 1.250000e+01 7.500000e+00
    endloop
  endfacet
  facet normal 7.071068e-01 -1.040566e-15 7.071068e-01
    outer loop
      vertex   -1.300000e+01 1.207107e+00 8.000000e+00
      vertex   -1.300000e+01 -1.207107e+00 8.000000e+00
      vertex   -1.250000e+01 1.000000e+00 7.500000e+00
    endloop
  endfacet
  facet normal 7.071068e-01 -1.884111e-15 7.071068e-01
    outer loop
      vertex   -1.250000e+01 1.000000e+00 7.500000e+00
      vertex   -1.300000e+01 -1.207107e+00 8.000000e+00
      vertex   -1.250000e+01 -1.000000e+00 7.500000e+00
    endloop
  endfacet
  facet normal 5.000000e-01 5.000000e-01 7.071068e-01
    outer loop
      vertex   -1.300000e+01 -1.207107e+00 8.000000e+00
      vertex   -1.207107e+00 -1.300000e+01 8.000000e+00
      vertex   -1.250000e+01 -1.000000e+00 7.500000e+00
    endloop
  endfacet
  facet normal 5.000000e-01 5.000000e-01 7.071068e-01
    outer loop
      vertex   -1.250000e+01 -1.000000e+00 7.500000e+00
      vertex   -1.207107e+00 -1.300000e+01 8.000000e+00
      vertex   -1.000000e+00 -1.250000e+01 7.500000e+00
    endloop
  endfacet
  facet normal -3.121697e-15 7.071068e-01 7.071068e-01
    outer loop
      vertex   -1.207107e+00 -1.300000e+01 8.000000e+00
      vertex   1.207107e+00 -1.300000e+01 8.000000e+00
      vertex   -1.000000e+00 -1.250000e+01 7.500000e+00
    endloop
  endfacet
  facet normal -3.140185e-15 7.071068e-01 7.071068e-01
    outer loop
      vertex   -1.000000e+00 -1.250000e+01 7.500000e+00
      vertex   1.207107e+00 -1.300000e+01 8.000000e+00
      vertex   1.000000e+00 -1.250000e+01 7.500000e+00
    endloop
  endfacet
  facet normal -5.000000e-01 5.000000e-01 7.071068e-01
    outer loop
      vertex   1.300000e+01 -1.207107e+00 8.000000e+00
      vertex   1.250000e+01 -1.000000e+00 7.500000e+00
      vertex   1.207107e+00 -1.300000e+01 8.000000e+00
    endloop
  endfacet
  facet normal -5.000000e-01 5.000000e-01 7.071068e-01
    outer loop
      vertex   1.207107e+00 -1.300000e+01 8.000000e+00
      vertex   1.250000e+01 -1.000000e+00 7.500000e+00
      vertex   1.000000e+00 -1.250000e+01 7.500000e+00
    endloop
  endfacet
  facet normal -7.071068e-01 0.000000e+00 7.071068e-01
    outer loop
      vertex   1.250000e+01 -1.000000e+00 7.500000e+00
      vertex   1.300000e+01 -1.207107e+00 8.000000e+00
      vertex   1.250000e+01 1.000000e+00 7.500000e+00
    endloop
  endfacet
  facet normal -7.071068e-01 0.000000e+00 7.071068e-01
    outer loop
      vertex   1.250000e+01 1.000000e+00 7.500000e+00
      vertex   1.300000e+01 -1.207107e+00 8.000000e+00
      vertex   1.300000e+01 1.207107e+00 8.000000e+00
    endloop
  endfacet
  facet normal -5.000000e-01 -5.000000e-01 7.071068e-01
    outer loop
      vertex   1.000000e+00 1.250000e+01 7.500000e+00
      vertex   1.250000e+01 1.000000e+00 7.500000e+00
      vertex   1.207107e+00 1.300000e+01 8.000000e+00
    endloop
  endfacet
  facet normal -5.000000e-01 -5.000000e-01 7.071068e-01
    outer loop
      vertex   1.207107e+00 1.300000e+01 8.000000e+00
      vertex   1.250000e+01 1.000000e+00 7.500000e+00
      vertex   1.300000e+01 1.207107e+00 8.000000e+00
    endloop
  endfacet
  facet normal 0.000000e+00 -7.071068e-01 7.071068e-01
    outer loop
      vertex   -1.000000e+00 1.250000e+01 7.500000e+00
      vertex   1.000000e+00 1.250000e+01 7.500000e+00
      vertex   -1.207107e+00 1.300000e+01 8.000000e+00
    endloop
  endfacet
  facet normal 0.000000e+00 -7.071068e-01 7.071068e-01
    outer loop
      vertex   -1.207107e+00 1.300000e+01 8.000000e+00
      vertex   1.000000e+00 1.250000e+01 7.500000e+00
      vertex   1.207107e+00 1.300000e+01 8.000000e+00
    endloop
  endfacet
  facet normal -1.000000e+00 0.000000e+00 0.000000e+00
    outer loop
      vertex   1.250000e+01 -1.000000e+00 7.500000e+00
      vertex   1.250000e+01 1.000000e+00 7.500000e+00
      vertex   1.250000e+01 -1.000000e+00 5.000000e-01
    endloop
  endfacet
  facet normal -1.000000e+00 0.000000e+00 0.000000e+00
    outer loop
      vertex   1.250000e+01 -1.000000e+00 5.000000e-01
      vertex   1.250000e+01 1.000000e+00 7.500000e+00
      vertex   1.250000e+01 1.000000e+00 5.000000e-01
    endloop
  endfacet
  facet normal -7.071068e-01 -7.071068e-01 -0.000000e+00
    outer loop
      vertex   1.250000e+01 1.000000e+00 7.500000e+00
      vertex   1.000000e+00 1.250000e+01 7.500000e+00
      vertex   1.250000e+01 1.000000e+00 5.000000e-01
    endloop
  endfacet
  facet normal -7.071068e-01 -7.071068e-01 0.000000e+00
    outer loop
      vertex   1.250000e+01 1.000000e+00 5.000000e-01
      vertex   1.000000e+00 1.250000e+01 7.500000e+00
      vertex   1.000000e+00 1.250000e+01 5.000000e-01
    endloop
  endfacet
  facet normal -0.000000e+00 -1.000000e+00 -0.000000e+00
    outer loop
      vertex   1.000000e+00 1.250000e+01 7.500000e+00
      vertex   -1.000000e+00 1.250000e+01 7.500000e+00
      vertex   1.000000e+00 1.250000e+01 5.000000e-01
    endloop
  endfacet
  facet normal 0.000000e+00 -1.000000e+00 0.000000e+00
    outer loop
      vertex   1.000000e+00 1.250000e+01 5.000000e-01
      vertex   -1.000000e+00 1.250000e+01 7.500000e+00
      vertex   -1.000000e+00 1.250000e+01 5.000000e-01
    endloop
  endfacet
  facet normal 7.071068e-01 -7.071068e-01 0.000000e+00
    outer loop
      vertex   -1.000000e+00 1.250000e+01 7.500000e+00
      vertex   -1.250000e+01 1.000000e+00 7.500000e+00
      vertex   -1.000000e+00 1.250000e+01 5.000000e-01
    endloop
  endfacet
  facet normal 7.071068e-01 -7.071068e-01 0.000000e+00
    outer loop
      vertex   -1.000000e+00 1.250000e+01 5.000000e-01
      vertex   -1.250000e+01 1.000000e+00 7.500000e+00
      vertex   -1.250000e+01 1.000000e+00 5.000000e-01
    endloop
  endfacet
  facet normal 5.636229e-17 7.071068e-01 7.071068e-01
    outer loop
      vertex   1.850000e+01 5.000000e+00 7.500000e+00
      vertex   1.900000e+01 4.500000e+00 8.000000e+00
      vertex   9.650000e+01 5.000000e+00 7.500000e+00
    endloop
  endfacet
  facet normal 8.082105e-18 7.071068e-01 7.071068e-01
    outer loop
      vertex   9.650000e+01 5.000000e+00 7.500000e+00
      vertex   1.900000e+01 4.500000e+00 8.000000e+00
      vertex   9.670711e+01 4.500000e+00 8.000000e+00
    endloop
  endfacet
  facet normal -5.000000e-01 5.000000e-01 7.071068e-01
    outer loop
      vertex   9.800000e+01 5.792893e+00 8.000000e+00
      vertex   9.750000e+01 6.000000e+00 7.500000e+00
      vertex   9.670711e+01 4.500000e+00 8.000000e+00
    endloop
  endfacet
  facet normal -5.000000e-01 5.000000e-01 7.071068e-01
    outer loop
      vertex   9.670711e+01 4.500000e+00 8.000000e+00
      vertex   9.750000e+01 6.000000e+00 7.500000e+00
      vertex   9.650000e+01 5.000000e+00 7.500000e+00
    endloop
  endfacet
  facet normal -7.071068e-01 2.871026e-15 7.071068e-01
    outer loop
      vertex   9.800000e+01 5.792893e+00 8.000000e+00
      vertex   9.800000e+01 1.629289e+01 8.000000e+00
      vertex   9.750000e+01 6.000000e+00 7.500000e+00
    endloop
  endfacet
  facet normal -7.071068e-01 2.871026e-15 7.071068e-01
    outer loop
      vertex   9.750000e+01 6.000000e+00 7.500000e+00
      vertex   9.800000e+01 1.629289e+01 8.000000e+00
      vertex   9.750000e+01 1.650000e+01 7.500000e+00
    endloop
  endfacet
  facet normal -5.000000e-01 5.000000e-01 7.071068e-01
    outer loop
      vertex   9.870711e+01 1.700000e+01 8.000000e+00
      vertex   9.850000e+01 1.750000e+01 7.500000e+00
      vertex   9.800000e+01 1.629289e+01 8.000000e+00
    endloop
  endfacet
  facet normal -5.000000e-01 5.000000e-01 7.071068e-01
    outer loop
      vertex   9.800000e+01 1.629289e+01 8.000000e+00
      vertex   9.850000e+01 1.750000e+01 7.500000e+00
      vertex   9.750000e+01 1.650000e+01 7.500000e+00
    endloop
  endfacet
  facet normal 2.775361e-15 7.071068e-01 7.071068e-01
    outer loop
      vertex   9.870711e+01 1.700000e+01 8.000000e+00
      vertex   1.312929e+02 1.700000e+01 8.000000e+00
      vertex   9.850000e+01 1.750000e+01 7.500000e+00
    endloop
  endfacet
  facet normal 2.740525e-15 7.071068e-01 7.071068e-01
    outer loop
      vertex   9.850000e+01 1.750000e+01 7.500000e+00
      vertex   1.312929e+02 1.700000e+01 8.000000e+00
      vertex   1.315000e+02 1.750000e+01 7.500000e+00
    endloop
  endfacet
  facet normal 5.000000e-01 5.000000e-01 7.071068e-01
    outer loop
      vertex   1.312929e+02 1.700000e+01 8.000000e+00
      vertex   1.320000e+02 1.629289e+01 8.000000e+00
      vertex   1.315000e+02 1.750000e+01 7.500000e+00
    endloop
  endfacet
  facet normal 5.000000e-01 5.000000e-01 7.071068e-01
    outer loop
      vertex   1.315000e+02 1.750000e+01 7.500000e+00
      vertex   1.320000e+02 1.629289e+01 8.000000e+00
      vertex   1.325000e+02 1.650000e+01 7.500000e+00
    endloop
  endfacet
  facet normal 7.071068e-01 0.000000e+00 7.071068e-01
    outer loop
      vertex   1.320000e+02 1.629289e+01 8.000000e+00
      vertex   1.320000e+02 -1.629289e+01 8.000000e+00
      vertex   1.325000e+02 1.650000e+01 7.500000e+00
    endloop
  endfacet
  facet normal 7.071068e-01 6.090056e-16 7.071068e-01
    outer loop
      vertex   1.325000e+02 1.650000e+01 7.500000e+00
      vertex   1.320000e+02 -1.629289e+01 8.000000e+00
      vertex   1.325000e+02 -1.650000e+01 7.500000e+00
    endloop
  endfacet
  facet normal 5.000000e-01 -5.000000e-01 7.071068e-01
    outer loop
      vertex   1.312929e+02 -1.700000e+01 8.000000e+00
      vertex   1.315000e+02 -1.750000e+01 7.500000e+00
      vertex   1.320000e+02 -1.629289e+01 8.000000e+00
    endloop
  endfacet
  facet normal 5.000000e-01 -5.000000e-01 7.071068e-01
    outer loop
      vertex   1.320000e+02 -1.629289e+01 8.000000e+00
      vertex   1.315000e+02 -1.750000e+01 7.500000e+00
      vertex   1.325000e+02 -1.650000e+01 7.500000e+00
    endloop
  endfacet
  facet normal -2.929548e-15 -7.071068e-01 7.071068e-01
    outer loop
      vertex   1.312929e+02 -1.700000e+01 8.000000e+00
      vertex   9.870711e+01 -1.700000e+01 8.000000e+00
      vertex   1.315000e+02 -1.750000e+01 7.500000e+00
    endloop
  endfacet
  facet normal -2.892776e-15 -7.071068e-01 7.071068e-01
    outer loop
      vertex   1.315000e+02 -1.750000e+01 7.500000e+00
      vertex   9.870711e+01 -1.700000e+01 8.000000e+00
      vertex   9.850000e+01 -1.750000e+01 7.500000e+00
    endloop
  endfacet
  facet normal -5.000000e-01 -5.000000e-01 7.071068e-01
    outer loop
      vertex   9.870711e+01 -1.700000e+01 8.000000e+00
      vertex   9.800000e+01 -1.629289e+01 8.000000e+00
      vertex   9.850000e+01 -1.750000e+01 7.500000e+00
    endloop
  endfacet
  facet normal -5.000000e-01 -5.000000e-01 7.071068e-01
    outer loop
      vertex   9.850000e+01 -1.750000e+01 7.500000e+00
      vertex   9.800000e+01 -1.629289e+01 8.000000e+00
      vertex   9.750000e+01 -1.650000e+01 7.500000e+00
    endloop
  endfacet
  facet normal -7.071068e-01 2.871026e-15 7.071068e-01
    outer loop
      vertex   9.800000e+01 -5.792893e+00 8.000000e+00
      vertex   9.750000e+01 -6.000000e+00 7.500000e+00
      vertex   9.800000e+01 -1.629289e+01 8.000000e+00
    endloop
  endfacet
  facet normal -7.071068e-01 2.871026e-15 7.071068e-01
    outer loop
      vertex   9.800000e+01 -1.629289e+01 8.000000e+00
      vertex   9.750000e+01 -6.000000e+00 7.500000e+00
      vertex   9.750000e+01 -1.650000e+01 7.500000e+00
    endloop
  endfacet
  facet normal -5.000000e-01 -5.000000e-01 7.071068e-01
    outer loop
      vertex   9.800000e+01 -5.792893e+00 8.000000e+00
      vertex   9.670711e+01 -4.500000e+00 8.000000e+00
      vertex   9.750000e+01 -6.000000e+00 7.500000e+00
    endloop
  endfacet
  facet normal -5.000000e-01 -5.000000e-01 7.071068e-01
    outer loop
      vertex   9.750000e+01 -6.000000e+00 7.500000e+00
      vertex   9.670711e+01 -4.500000e+00 8.000000e+00
      vertex   9.650000e+01 -5.000000e+00 7.500000e+00
    endloop
  endfacet
  facet normal -3.283782e-16 -7.071068e-01 7.071068e-01
    outer loop
      vertex   9.670711e+01 -4.500000e+00 8.000000e+00
      vertex   1.829289e+01 -4.500000e+00 8.000000e+00
      vertex   9.650000e+01 -5.000000e+00 7.500000e+00
    endloop
  endfacet
  facet normal -3.381738e-16 -7.071068e-01 7.071068e-01
    outer loop
      vertex   9.650000e+01 -5.000000e+00 7.500000e+00
      vertex   1.829289e+01 -4.500000e+00 8.000000e+00
      vertex   1.850000e+01 -5.000000e+00 7.500000e+00
    endloop
  endfacet
  facet normal 5.000000e-01 -5.000000e-01 7.071068e-01
    outer loop
      vertex   1.700000e+01 -5.792893e+00 8.000000e+00
      vertex   1.750000e+01 -6.000000e+00 7.500000e+00
      vertex   1.829289e+01 -4.500000e+00 8.000000e+00
    endloop
  endfacet
  facet normal 5.000000e-01 -5.000000e-01 7.071068e-01
    outer loop
      vertex   1.829289e+01 -4.500000e+00 8.000000e+00
      vertex   1.750000e+01 -6.000000e+00 7.500000e+00
      vertex   1.850000e+01 -5.000000e+00 7.500000e+00
    endloop
  endfacet
  facet normal 7.071068e-01 -7.177566e-16 7.071068e-01
    outer loop
      vertex   1.700000e+01 -5.792893e+00 8.000000e+00
      vertex   1.700000e+01 -1.629289e+01 8.000000e+00
      vertex   1.750000e+01 -6.000000e+00 7.500000e+00
    endloop
  endfacet
  facet normal 7.071068e-01 -4.785044e-16 7.071068e-01
    outer loop
      vertex   1.750000e+01 -6.000000e+00 7.500000e+00
      vertex   1.700000e+01 -1.629289e+01 8.000000e+00
      vertex   1.750000e+01 -1.650000e+01 7.500000e+00
    endloop
  endfacet
  facet normal 5.000000e-01 -5.000000e-01 7.071068e-01
    outer loop
      vertex   1.629289e+01 -1.700000e+01 8.000000e+00
      vertex   1.650000e+01 -1.750000e+01 7.500000e+00
      vertex   1.700000e+01 -1.629289e+01 8.000000e+00
    endloop
  endfacet
  facet normal 5.000000e-01 -5.000000e-01 7.071068e-01
    outer loop
      vertex   1.700000e+01 -1.629289e+01 8.000000e+00
      vertex   1.650000e+01 -1.750000e+01 7.500000e+00
      vertex   1.750000e+01 -1.650000e+01 7.500000e+00
    endloop
  endfacet
  facet normal 7.709337e-17 -7.071068e-01 7.071068e-01
    outer loop
      vertex   1.629289e+01 -1.700000e+01 8.000000e+00
      vertex   -1.629289e+01 -1.700000e+01 8.000000e+00
      vertex   1.650000e+01 -1.750000e+01 7.500000e+00
    endloop
  endfacet
  facet normal 7.612569e-17 -7.071068e-01 7.071068e-01
    outer loop
      vertex   1.650000e+01 -1.750000e+01 7.500000e+00
      vertex   -1.629289e+01 -1.700000e+01 8.000000e+00
      vertex   -1.650000e+01 -1.750000e+01 7.500000e+00
    endloop
  endfacet
  facet normal -5.000000e-01 -5.000000e-01 7.071068e-01
    outer loop
      vertex   -1.629289e+01 -1.700000e+01 8.000000e+00
      vertex   -1.700000e+01 -1.629289e+01 8.000000e+00
      vertex   -1.650000e+01 -1.750000e+01 7.500000e+00
    endloop
  endfacet
  facet normal -5.000000e-01 -5.000000e-01 7.071068e-01
    outer loop
      vertex   -1.650000e+01 -1.750000e+01 7.500000e+00
      vertex   -1.700000e+01 -1.629289e+01 8.000000e+00
      vertex   -1.750000e+01 -1.650000e+01 7.500000e+00
    endloop
  endfacet
  facet normal -7.071068e-01 0.000000e+00 7.071068e-01
    outer loop
      vertex   -1.700000e+01 -1.629289e+01 8.000000e+00
      vertex   -1.700000e+01 1.629289e+01 8.000000e+00
      vertex   -1.750000e+01 -1.650000e+01 7.500000e+00
    endloop
  endfacet
  facet normal -7.071068e-01 0.000000e+00 7.071068e-01
    outer loop
      vertex   -1.750000e+01 -1.650000e+01 7.500000e+00
      vertex   -1.700000e+01 1.629289e+01 8.000000e+00
      vertex   -1.750000e+01 1.650000e+01 7.500000e+00
    endloop
  endfacet
  facet normal -5.000000e-01 5.000000e-01 7.071068e-01
    outer loop
      vertex   -1.629289e+01 1.700000e+01 8.000000e+00
      vertex   -1.650000e+01 1.750000e+01 7.500000e+00
      vertex   -1.700000e+01 1.629289e+01 8.000000e+00
    endloop
  endfacet
  facet normal -5.000000e-01 5.000000e-01 7.071068e-01
    outer loop
      vertex   -1.700000e+01 1.629289e+01 8.000000e+00
      vertex   -1.650000e+01 1.750000e+01 7.500000e+00
      vertex   -1.750000e+01 1.650000e+01 7.500000e+00
    endloop
  endfacet
  facet normal -0.000000e+00 7.071068e-01 7.071068e-01
    outer loop
      vertex   -1.629289e+01 1.700000e+01 8.000000e+00
      vertex   1.629289e+01 1.700000e+01 8.000000e+00
      vertex   -1.650000e+01 1.750000e+01 7.500000e+00
    endloop
  endfacet
  facet normal -0.000000e+00 7.071068e-01 7.071068e-01
    outer loop
      vertex   -1.650000e+01 1.750000e+01 7.500000e+00
      vertex   1.629289e+01 1.700000e+01 8.000000e+00
      vertex   1.650000e+01 1.750000e+01 7.500000e+00
    endloop
  endfacet
  facet normal 5.000000e-01 5.000000e-01 7.071068e-01
    outer loop
      vertex   1.629289e+01 1.700000e+01 8.000000e+00
      vertex   1.700000e+01 1.629289e+01 8.000000e+00
      vertex   1.650000e+01 1.750000e+01 7.500000e+00
    endloop
  endfacet
  facet normal 5.000000e-01 5.000000e-01 7.071068e-01
    outer loop
      vertex   1.650000e+01 1.750000e+01 7.500000e+00
      vertex   1.700000e+01 1.629289e+01 8.000000e+00
      vertex   1.750000e+01 1.650000e+01 7.500000e+00
    endloop
  endfacet
  facet normal 7.071068e-01 -5.130553e-16 7.071068e-01
    outer loop
      vertex   1.700000e+01 1.629289e+01 8.000000e+00
      vertex   1.700000e+01 6.500000e+00 8.000000e+00
      vertex   1.750000e+01 1.650000e+01 7.500000e+00
    endloop
  endfacet
  facet normal 7.071068e-01 -4.785044e-16 7.071068e-01
    outer loop
      vertex   1.750000e+01 1.650000e+01 7.500000e+00
      vertex   1.700000e+01 6.500000e+00 8.000000e+00
      vertex   1.750000e+01 6.000000e+00 7.500000e+00
    endloop
  endfacet
  facet normal 7.970832e-17 1.000000e+00 0.000000e+00
    outer loop
      vertex   1.850000e+01 5.000000e+00 7.500000e+00
      vertex   9.650000e+01 5.000000e+00 7.500000e+00
      vertex   1.850000e+01 5.000000e+00 5.000000e-01
    endloop
  endfacet
  facet normal 7.970832e-17 1.000000e+00 0.000000e+00
    outer loop
      vertex   1.850000e+01 5.000000e+00 5.000000e-01
      vertex   9.650000e+01 5.000000e+00 7.500000e+00
      vertex   9.650000e+01 5.000000e+00 5.000000e-01
    endloop
  endfacet
  facet normal -7.071068e-01 7.071068e-01 0.000000e+00
    outer loop
      vertex   9.750000e+01 6.000000e+00 7.500000e+00
      vertex   9.750000e+01 6.000000e+00 5.000000e-01
      vertex   9.650000e+01 5.000000e+00 7.500000e+00
    endloop
  endfacet
  facet normal -7.071068e-01 7.071068e-01 0.000000e+00
    outer loop
      vertex   9.650000e+01 5.000000e+00 7.500000e+00
      vertex   9.750000e+01 6.000000e+00 5.000000e-01
      vertex   9.650000e+01 5.000000e+00 5.000000e-01
    endloop
  endfacet
  facet normal -1.000000e+00 4.060244e-15 0.000000e+00
    outer loop
      vertex   9.750000e+01 6.000000e+00 7.500000e+00
      vertex   9.750000e+01 1.650000e+01 7.500000e+00
      vertex   9.750000e+01 6.000000e+00 5.000000e-01
    endloop
  endfacet
  facet normal -1.000000e+00 4.060244e-15 0.000000e+00
    outer loop
      vertex   9.750000e+01 6.000000e+00 5.000000e-01
      vertex   9.750000e+01 1.650000e+01 7.500000e+00
      vertex   9.750000e+01 1.650000e+01 5.000000e-01
    endloop
  endfacet
  facet normal -7.071068e-01 7.071068e-01 0.000000e+00
    outer loop
      vertex   9.850000e+01 1.750000e+01 7.500000e+00
      vertex   9.850000e+01 1.750000e+01 5.000000e-01
      vertex   9.750000e+01 1.650000e+01 7.500000e+00
    endloop
  endfacet
  facet normal -7.071068e-01 7.071068e-01 0.000000e+00
    outer loop
      vertex   9.750000e+01 1.650000e+01 7.500000e+00
      vertex   9.850000e+01 1.750000e+01 5.000000e-01
      vertex   9.750000e+01 1.650000e+01 5.000000e-01
    endloop
  endfacet
  facet normal 3.875688e-15 1.000000e+00 0.000000e+00
    outer loop
      vertex   9.850000e+01 1.750000e+01 7.500000e+00
      vertex   1.315000e+02 1.750000e+01 7.500000e+00
      vertex   9.850000e+01 1.750000e+01 5.000000e-01
    endloop
  endfacet
  facet normal 3.875688e-15 1.000000e+00 0.000000e+00
    outer loop
      vertex   9.850000e+01 1.750000e+01 5.000000e-01
      vertex   1.315000e+02 1.750000e+01 7.500000e+00
      vertex   1.315000e+02 1.750000e+01 5.000000e-01
    endloop
  endfacet
  facet normal 7.071068e-01 7.071068e-01 0.000000e+00
    outer loop
      vertex   1.325000e+02 1.650000e+01 7.500000e+00
      vertex   1.325000e+02 1.650000e+01 5.000000e-01
      vertex   1.315000e+02 1.750000e+01 7.500000e+00
    endloop
  endfacet
  facet normal 7.071068e-01 7.071068e-01 0.000000e+00
    outer loop
      vertex   1.315000e+02 1.750000e+01 7.500000e+00
      vertex   1.325000e+02 1.650000e+01 5.000000e-01
      vertex   1.315000e+02 1.750000e+01 5.000000e-01
    endloop
  endfacet
  facet normal 1.000000e+00 8.612639e-16 0.000000e+00
    outer loop
      vertex   1.325000e+02 1.650000e+01 7.500000e+00
      vertex   1.325000e+02 -1.650000e+01 7.500000e+00
      vertex   1.325000e+02 1.650000e+01 5.000000e-01
    endloop
  endfacet
  facet normal 1.000000e+00 8.612639e-16 0.000000e+00
    outer loop
      vertex   1.325000e+02 1.650000e+01 5.000000e-01
      vertex   1.325000e+02 -1.650000e+01 7.500000e+00
      vertex   1.325000e+02 -1.650000e+01 5.000000e-01
    endloop
  endfacet
  facet normal 7.071068e-01 -7.071068e-01 0.000000e+00
    outer loop
      vertex   1.315000e+02 -1.750000e+01 7.500000e+00
      vertex   1.315000e+02 -1.750000e+01 5.000000e-01
      vertex   1.325000e+02 -1.650000e+01 7.500000e+00
    endloop
  endfacet
  facet normal 7.071068e-01 -7.071068e-01 0.000000e+00
    outer loop
      vertex   1.325000e+02 -1.650000e+01 7.500000e+00
      vertex   1.315000e+02 -1.750000e+01 5.000000e-01
      vertex   1.325000e+02 -1.650000e+01 5.000000e-01
    endloop
  endfacet
  facet normal -4.091004e-15 -1.000000e+00 -0.000000e+00
    outer loop
      vertex   1.315000e+02 -1.750000e+01 7.500000e+00
      vertex   9.850000e+01 -1.750000e+01 7.500000e+00
      vertex   1.315000e+02 -1.750000e+01 5.000000e-01
    endloop
  endfacet
  facet normal -4.091004e-15 -1.000000e+00 0.000000e+00
    outer loop
      vertex   1.315000e+02 -1.750000e+01 5.000000e-01
      vertex   9.850000e+01 -1.750000e+01 7.500000e+00
      vertex   9.850000e+01 -1.750000e+01 5.000000e-01
    endloop
  endfacet
  facet normal -7.071068e-01 -7.071068e-01 -0.000000e+00
    outer loop
      vertex   9.750000e+01 -1.650000e+01 7.500000e+00
      vertex   9.750000e+01 -1.650000e+01 5.000000e-01
      vertex   9.850000e+01 -1.750000e+01 7.500000e+00
    endloop
  endfacet
  facet normal -7.071068e-01 -7.071068e-01 -0.000000e+00
    outer loop
      vertex   9.850000e+01 -1.750000e+01 7.500000e+00
      vertex   9.750000e+01 -1.650000e+01 5.000000e-01
      vertex   9.850000e+01 -1.750000e+01 5.000000e-01
    endloop
  endfacet
  facet normal -1.000000e+00 4.060244e-15 0.000000e+00
    outer loop
      vertex   9.750000e+01 -1.650000e+01 7.500000e+00
      vertex   9.750000e+01 -6.000000e+00 7.500000e+00
      vertex   9.750000e+01 -1.650000e+01 5.000000e-01
    endloop
  endfacet
  facet normal -1.000000e+00 4.060244e-15 0.000000e+00
    outer loop
      vertex   9.750000e+01 -1.650000e+01 5.000000e-01
      vertex   9.750000e+01 -6.000000e+00 7.500000e+00
      vertex   9.750000e+01 -6.000000e+00 5.000000e-01
    endloop
  endfacet
  facet normal -7.071068e-01 -7.071068e-01 -0.000000e+00
    outer loop
      vertex   9.650000e+01 -5.000000e+00 7.500000e+00
      vertex   9.650000e+01 -5.000000e+00 5.000000e-01
      vertex   9.750000e+01 -6.000000e+00 7.500000e+00
    endloop
  endfacet
  facet normal -7.071068e-01 -7.071068e-01 -0.000000e+00
    outer loop
      vertex   9.750000e+01 -6.000000e+00 7.500000e+00
      vertex   9.650000e+01 -5.000000e+00 5.000000e-01
      vertex   9.750000e+01 -6.000000e+00 5.000000e-01
    endloop
  endfacet
  facet normal -4.782499e-16 -1.000000e+00 -0.000000e+00
    outer loop
      vertex   9.650000e+01 -5.000000e+00 7.500000e+00
      vertex   1.850000e+01 -5.000000e+00 7.500000e+00
      vertex   9.650000e+01 -5.000000e+00 5.000000e-01
    endloop
  endfacet
  facet normal -4.782499e-16 -1.000000e+00 0.000000e+00
    outer loop
      vertex   9.650000e+01 -5.000000e+00 5.000000e-01
      vertex   1.850000e+01 -5.000000e+00 7.500000e+00
      vertex   1.850000e+01 -5.000000e+00 5.000000e-01
    endloop
  endfacet
  facet normal 7.071068e-01 -7.071068e-01 0.000000e+00
    outer loop
      vertex   1.750000e+01 -6.000000e+00 7.500000e+00
      vertex   1.750000e+01 -6.000000e+00 5.000000e-01
      vertex   1.850000e+01 -5.000000e+00 7.500000e+00
    endloop
  endfacet
  facet normal 7.071068e-01 -7.071068e-01 0.000000e+00
    outer loop
      vertex   1.850000e+01 -5.000000e+00 7.500000e+00
      vertex   1.750000e+01 -6.000000e+00 5.000000e-01
      vertex   1.850000e+01 -5.000000e+00 5.000000e-01
    endloop
  endfacet
  facet normal 1.000000e+00 -6.767074e-16 0.000000e+00
    outer loop
      vertex   1.750000e+01 -6.000000e+00 7.500000e+00
      vertex   1.750000e+01 -1.650000e+01 7.500000e+00
      vertex   1.750000e+01 -6.000000e+00 5.000000e-01
    endloop
  endfacet
  facet normal 1.000000e+00 -6.767074e-16 0.000000e+00
    outer loop
      vertex   1.750000e+01 -6.000000e+00 5.000000e-01
      vertex   1.750000e+01 -1.650000e+01 7.500000e+00
      vertex   1.750000e+01 -1.650000e+01 5.000000e-01
    endloop
  endfacet
  facet normal 7.071068e-01 -7.071068e-01 0.000000e+00
    outer loop
      vertex   1.650000e+01 -1.750000e+01 7.500000e+00
      vertex   1.650000e+01 -1.750000e+01 5.000000e-01
      vertex   1.750000e+01 -1.650000e+01 7.500000e+00
    endloop
  endfacet
  facet normal 7.071068e-01 -7.071068e-01 0.000000e+00
    outer loop
      vertex   1.750000e+01 -1.650000e+01 7.500000e+00
      vertex   1.650000e+01 -1.750000e+01 5.000000e-01
      vertex   1.750000e+01 -1.650000e+01 5.000000e-01
    endloop
  endfacet
  facet normal 1.076580e-16 -1.000000e+00 0.000000e+00
    outer loop
      vertex   1.650000e+01 -1.750000e+01 7.500000e+00
      vertex   -1.650000e+01 -1.750000e+01 7.500000e+00
      vertex   1.650000e+01 -1.750000e+01 5.000000e-01
    endloop
  endfacet
  facet normal 1.076580e-16 -1.000000e+00 0.000000e+00
    outer loop
      vertex   1.650000e+01 -1.750000e+01 5.000000e-01
      vertex   -1.650000e+01 -1.750000e+01 7.500000e+00
      vertex   -1.650000e+01 -1.750000e+01 5.000000e-01
    endloop
  endfacet
  facet normal -7.071068e-01 -7.071068e-01 -0.000000e+00
    outer loop
      vertex   -1.750000e+01 -1.650000e+01 7.500000e+00
      vertex   -1.750000e+01 -1.650000e+01 5.000000e-01
      vertex   -1.650000e+01 -1.750000e+01 7.500000e+00
    endloop
  endfacet
  facet normal -7.071068e-01 -7.071068e-01 -0.000000e+00
    outer loop
      vertex   -1.650000e+01 -1.750000e+01 7.500000e+00
      vertex   -1.750000e+01 -1.650000e+01 5.000000e-01
      vertex   -1.650000e+01 -1.750000e+01 5.000000e-01
    endloop
  endfacet
  facet normal -1.000000e+00 0.000000e+00 0.000000e+00
    outer loop
      vertex   -1.750000e+01 -1.650000e+01 7.500000e+00
      vertex   -1.750000e+01 1.650000e+01 7.500000e+00
      vertex   -1.750000e+01 -1.650000e+01 5.000000e-01
    endloop
  endfacet
  facet normal -1.000000e+00 0.000000e+00 0.000000e+00
    outer loop
      vertex   -1.750000e+01 -1.650000e+01 5.000000e-01
      vertex   -1.750000e+01 1.650000e+01 7.500000e+00
      vertex   -1.750000e+01 1.650000e+01 5.000000e-01
    endloop
  endfacet
  facet normal -7.071068e-01 7.071068e-01 0.000000e+00
    outer loop
      vertex   -1.650000e+01 1.750000e+01 7.500000e+00
      vertex   -1.650000e+01 1.750000e+01 5.000000e-01
      vertex   -1.750000e+01 1.650000e+01 7.500000e+00
    endloop
  endfacet
  facet normal -7.071068e-01 7.071068e-01 0.000000e+00
    outer loop
      vertex   -1.750000e+01 1.650000e+01 7.500000e+00
      vertex   -1.650000e+01 1.750000e+01 5.000000e-01
      vertex   -1.750000e+01 1.650000e+01 5.000000e-01
    endloop
  endfacet
  facet normal -0.000000e+00 1.000000e+00 0.000000e+00
    outer loop
      vertex   -1.650000e+01 1.750000e+01 7.500000e+00
      vertex   1.650000e+01 1.750000e+01 7.500000e+00
      vertex   -1.650000e+01 1.750000e+01 5.000000e-01
    endloop
  endfacet
  facet normal 0.000000e+00 1.000000e+00 0.000000e+00
    outer loop
      vertex   -1.650000e+01 1.750000e+01 5.000000e-01
      vertex   1.650000e+01 1.750000e+01 7.500000e+00
      vertex   1.650000e+01 1.750000e+01 5.000000e-01
    endloop
  endfacet
  facet normal 7.071068e-01 7.071068e-01 0.000000e+00
    outer loop
      vertex   1.750000e+01 1.650000e+01 7.500000e+00
      vertex   1.750000e+01 1.650000e+01 5.000000e-01
      vertex   1.650000e+01 1.750000e+01 7.500000e+00
    endloop
  endfacet
  facet normal 7.071068e-01 7.071068e-01 0.000000e+00
    outer loop
      vertex   1.650000e+01 1.750000e+01 7.500000e+00
      vertex   1.750000e+01 1.650000e+01 5.000000e-01
      vertex   1.650000e+01 1.750000e+01 5.000000e-01
    endloop
  endfacet
  facet normal 1.000000e+00 -6.767074e-16 0.000000e+00
    outer loop
      vertex   1.750000e+01 1.650000e+01 7.500000e+00
      vertex   1.750000e+01 6.000000e+00 7.500000e+00
      vertex   1.750000e+01 1.650000e+01 5.000000e-01
    endloop
  endfacet
  facet normal 1.000000e+00 -6.767074e-16 0.000000e+00
    outer loop
      vertex   1.750000e+01 1.650000e+01 5.000000e-01
      vertex   1.750000e+01 6.000000e+00 7.500000e+00
      vertex   1.750000e+01 6.000000e+00 5.000000e-01
    endloop
  endfacet
  facet normal -2.081131e-15 7.071068e-01 -7.071068e-01
    outer loop
      vertex   1.207107e+00 -1.300000e+01 0.000000e+00
      vertex   -1.207107e+00 -1.300000e+01 0.000000e+00
      vertex   1.000000e+00 -1.250000e+01 5.000000e-01
    endloop
  endfacet
  facet normal -3.140185e-15 7.071068e-01 -7.071068e-01
    outer loop
      vertex   1.000000e+00 -1.250000e+01 5.000000e-01
      vertex   -1.207107e+00 -1.300000e+01 0.000000e+00
      vertex   -1.000000e+00 -1.250000e+01 5.000000e-01
    endloop
  endfacet
  facet normal 5.000000e-01 5.000000e-01 -7.071068e-01
    outer loop
      vertex   -1.300000e+01 -1.207107e+00 0.000000e+00
      vertex   -1.250000e+01 -1.000000e+00 5.000000e-01
      vertex   -1.207107e+00 -1.300000e+01 0.000000e+00
    endloop
  endfacet
  facet normal 5.000000e-01 5.000000e-01 -7.071068e-01
    outer loop
      vertex   -1.207107e+00 -1.300000e+01 0.000000e+00
      vertex   -1.250000e+01 -1.000000e+00 5.000000e-01
      vertex   -1.000000e+00 -1.250000e+01 5.000000e-01
    endloop
  endfacet
  facet normal -0.000000e+00 -7.071068e-01 -7.071068e-01
    outer loop
      vertex   1.000000e+00 1.250000e+01 5.000000e-01
      vertex   -1.000000e+00 1.250000e+01 5.000000e-01
      vertex   1.207107e+00 1.300000e+01 0.000000e+00
    endloop
  endfacet
  facet normal -1.560849e-15 -7.071068e-01 -7.071068e-01
    outer loop
      vertex   1.207107e+00 1.300000e+01 0.000000e+00
      vertex   -1.000000e+00 1.250000e+01 5.000000e-01
      vertex   -1.207107e+00 1.300000e+01 0.000000e+00
    endloop
  endfacet
  facet normal 7.071068e-01 -1.040566e-15 -7.071068e-01
    outer loop
      vertex   -1.300000e+01 1.207107e+00 0.000000e+00
      vertex   -1.250000e+01 1.000000e+00 5.000000e-01
      vertex   -1.300000e+01 -1.207107e+00 0.000000e+00
    endloop
  endfacet
  facet normal 7.071068e-01 -1.884111e-15 -7.071068e-01
    outer loop
      vertex   -1.300000e+01 -1.207107e+00 0.000000e+00
      vertex   -1.250000e+01 1.000000e+00 5.000000e-01
      vertex   -1.250000e+01 -1.000000e+00 5.000000e-01
    endloop
  endfacet
  facet normal 5.000000e-01 -5.000000e-01 -7.071068e-01
    outer loop
      vertex   -1.000000e+00 1.250000e+01 5.000000e-01
      vertex   -1.250000e+01 1.000000e+00 5.000000e-01
      vertex   -1.207107e+00 1.300000e+01 0.000000e+00
    endloop
  endfacet
  facet normal 5.000000e-01 -5.000000e-01 -7.071068e-01
    outer loop
      vertex   -1.207107e+00 1.300000e+01 0.000000e+00
      vertex   -1.250000e+01 1.000000e+00 5.000000e-01
      vertex   -1.300000e+01 1.207107e+00 0.000000e+00
    endloop
  endfacet
  facet normal -5.000000e-01 -5.000000e-01 -7.071068e-01
    outer loop
      vertex   1.000000e+00 1.250000e+01 5.000000e-01
      vertex   1.207107e+00 1.300000e+01 0.000000e+00
      vertex   1.250000e+01 1.000000e+00 5.000000e-01
    endloop
  endfacet
  facet normal -5.000000e-01 -5.000000e-01 -7.071068e-01
    outer loop
      vertex   1.250000e+01 1.000000e+00 5.000000e-01
      vertex   1.207107e+00 1.300000e+01 0.000000e+00
      vertex   1.300000e+01 1.207107e+00 0.000000e+00
    endloop
  endfacet
  facet normal -7.071068e-01 0.000000e+00 -7.071068e-01
    outer loop
      vertex   1.250000e+01 -1.000000e+00 5.000000e-01
      vertex   1.250000e+01 1.000000e+00 5.000000e-01
      vertex   1.300000e+01 -1.207107e+00 0.000000e+00
    endloop
  endfacet
  facet normal -7.071068e-01 0.000000e+00 -7.071068e-01
    outer loop
      vertex   1.300000e+01 -1.207107e+00 0.000000e+00
      vertex   1.250000e+01 1.000000e+00 5.000000e-01
      vertex   1.300000e+01 1.207107e+00 0.000000e+00
    endloop
  endfacet
  facet normal -5.000000e-01 5.000000e-01 -7.071068e-01
    outer loop
      vertex   1.000000e+00 -1.250000e+01 5.000000e-01
      vertex   1.250000e+01 -1.000000e+00 5.000000e-01
      vertex   1.207107e+00 -1.300000e+01 0.000000e+00
    endloop
  endfacet
  facet normal -5.000000e-01 5.000000e-01 -7.071068e-01
    outer loop
      vertex   1.207107e+00 -1.300000e+01 0.000000e+00
      vertex   1.250000e+01 -1.000000e+00 5.000000e-01
      vertex   1.300000e+01 -1.207107e+00 0.000000e+00
    endloop
  endfacet
  facet normal 7.071068e-01 7.071068e-01 0.000000e+00
    outer loop
      vertex   -1.250000e+01 -1.000000e+00 7.500000e+00
      vertex   -1.000000e+00 -1.250000e+01 7.500000e+00
      vertex   -1.250000e+01 -1.000000e+00 5.000000e-01
    endloop
  endfacet
  facet normal 7.071068e-01 7.071068e-01 0.000000e+00
    outer loop
      vertex   -1.250000e+01 -1.000000e+00 5.000000e-01
      vertex   -1.000000e+00 -1.250000e+01 7.500000e+00
      vertex   -1.000000e+00 -1.250000e+01 5.000000e-01
    endloop
  endfacet
  facet normal 1.000000e+00 -2.664535e-15 0.000000e+00
    outer loop
      vertex   -1.250000e+01 1.000000e+00 7.500000e+00
      vertex   -1.250000e+01 -1.000000e+00 7.500000e+00
      vertex   -1.250000e+01 1.000000e+00 5.000000e-01
    endloop
  endfacet
  facet normal 1.000000e+00 -2.664535e-15 0.000000e+00
    outer loop
      vertex   -1.250000e+01 1.000000e+00 5.000000e-01
      vertex   -1.250000e+01 -1.000000e+00 7.500000e+00
      vertex   -1.250000e+01 -1.000000e+00 5.000000e-01
    endloop
  endfacet
  facet normal 7.208301e-17 7.071068e-01 -7.071068e-01
    outer loop
      vertex   9.670711e+01 4.500000e+00 0.000000e+00
      vertex   1.829289e+01 4.500000e+00 0.000000e+00
      vertex   9.650000e+01 5.000000e+00 5.000000e-01
    endloop
  endfacet
  facet normal 5.636229e-17 7.071068e-01 -7.071068e-01
    outer loop
      vertex   9.650000e+01 5.000000e+00 5.000000e-01
      vertex   1.829289e+01 4.500000e+00 0.000000e+00
      vertex   1.850000e+01 5.000000e+00 5.000000e-01
    endloop
  endfacet
  facet normal 7.071068e-01 -2.392522e-16 -7.071068e-01
    outer loop
      vertex   1.700000e+01 5.792893e+00 0.000000e+00
      vertex   1.700000e+01 1.629289e+01 0.000000e+00
      vertex   1.750000e+01 6.000000e+00 5.000000e-01
    endloop
  endfacet
  facet normal 7.071068e-01 -4.785044e-16 -7.071068e-01
    outer loop
      vertex   1.750000e+01 6.000000e+00 5.000000e-01
      vertex   1.700000e+01 1.629289e+01 0.000000e+00
      vertex   1.750000e+01 1.650000e+01 5.000000e-01
    endloop
  endfacet
  facet normal 0.000000e+00 -7.071068e-01 -7.071068e-01
    outer loop
      vertex   -1.629289e+01 -1.700000e+01 0.000000e+00
      vertex   1.629289e+01 -1.700000e+01 0.000000e+00
      vertex   -1.650000e+01 -1.750000e+01 5.000000e-01
    endloop
  endfacet
  facet normal 7.612569e-17 -7.071068e-01 -7.071068e-01
    outer loop
      vertex   -1.650000e+01 -1.750000e+01 5.000000e-01
      vertex   1.629289e+01 -1.700000e+01 0.000000e+00
      vertex   1.650000e+01 -1.750000e+01 5.000000e-01
    endloop
  endfacet
  facet normal 7.071068e-01 -4.785044e-16 -7.071068e-01
    outer loop
      vertex   1.700000e+01 -5.792893e+00 0.000000e+00
      vertex   1.750000e+01 -6.000000e+00 5.000000e-01
      vertex   1.700000e+01 -1.629289e+01 0.000000e+00
    endloop
  endfacet
  facet normal 7.071068e-01 -4.785044e-16 -7.071068e-01
    outer loop
      vertex   1.700000e+01 -1.629289e+01 0.000000e+00
      vertex   1.750000e+01 -6.000000e+00 5.000000e-01
      vertex   1.750000e+01 -1.650000e+01 5.000000e-01
    endloop
  endfacet
  facet normal 5.000000e-01 -5.000000e-01 -7.071068e-01
    outer loop
      vertex   1.700000e+01 -5.792893e+00 0.000000e+00
      vertex   1.829289e+01 -4.500000e+00 0.000000e+00
      vertex   1.750000e+01 -6.000000e+00 5.000000e-01
    endloop
  endfacet
  facet normal 5.000000e-01 -5.000000e-01 -7.071068e-01
    outer loop
      vertex   1.750000e+01 -6.000000e+00 5.000000e-01
      vertex   1.829289e+01 -4.500000e+00 0.000000e+00
      vertex   1.850000e+01 -5.000000e+00 5.000000e-01
    endloop
  endfacet
  facet normal -4.565258e-16 -7.071068e-01 -7.071068e-01
    outer loop
      vertex   1.829289e+01 -4.500000e+00 0.000000e+00
      vertex   9.670711e+01 -4.500000e+00 0.000000e+00
      vertex   1.850000e+01 -5.000000e+00 5.000000e-01
    endloop
  endfacet
  facet normal -3.381738e-16 -7.071068e-01 -7.071068e-01
    outer loop
      vertex   1.850000e+01 -5.000000e+00 5.000000e-01
      vertex   9.670711e+01 -4.500000e+00 0.000000e+00
      vertex   9.650000e+01 -5.000000e+00 5.000000e-01
    endloop
  endfacet
  facet normal -5.000000e-01 -5.000000e-01 -7.071068e-01
    outer loop
      vertex   9.650000e+01 -5.000000e+00 5.000000e-01
      vertex   9.670711e+01 -4.500000e+00 0.000000e+00
      vertex   9.750000e+01 -6.000000e+00 5.000000e-01
    endloop
  endfacet
  facet normal -5.000000e-01 -5.000000e-01 -7.071068e-01
    outer loop
      vertex   9.750000e+01 -6.000000e+00 5.000000e-01
      vertex   9.670711e+01 -4.500000e+00 0.000000e+00
      vertex   9.800000e+01 -5.792893e+00 0.000000e+00
    endloop
  endfacet
  facet normal -7.071068e-01 2.871026e-15 -7.071068e-01
    outer loop
      vertex   9.750000e+01 -1.650000e+01 5.000000e-01
      vertex   9.750000e+01 -6.000000e+00 5.000000e-01
      vertex   9.800000e+01 -1.629289e+01 0.000000e+00
    endloop
  endfacet
  facet normal -7.071068e-01 2.871026e-15 -7.071068e-01
    outer loop
      vertex   9.800000e+01 -1.629289e+01 0.000000e+00
      vertex   9.750000e+01 -6.000000e+00 5.000000e-01
      vertex   9.800000e+01 -5.792893e+00 0.000000e+00
    endloop
  endfacet
  facet normal -5.000000e-01 -5.000000e-01 -7.071068e-01
    outer loop
      vertex   9.750000e+01 -1.650000e+01 5.000000e-01
      vertex   9.800000e+01 -1.629289e+01 0.000000e+00
      vertex   9.850000e+01 -1.750000e+01 5.000000e-01
    endloop
  endfacet
  facet normal -5.000000e-01 -5.000000e-01 -7.071068e-01
    outer loop
      vertex   9.850000e+01 -1.750000e+01 5.000000e-01
      vertex   9.800000e+01 -1.629289e+01 0.000000e+00
      vertex   9.870711e+01 -1.700000e+01 0.000000e+00
    endloop
  endfacet
  facet normal 5.000000e-01 -5.000000e-01 -7.071068e-01
    outer loop
      vertex   1.629289e+01 -1.700000e+01 0.000000e+00
      vertex   1.700000e+01 -1.629289e+01 0.000000e+00
      vertex   1.650000e+01 -1.750000e+01 5.000000e-01
    endloop
  endfacet
  facet normal 5.000000e-01 -5.000000e-01 -7.071068e-01
    outer loop
      vertex   1.650000e+01 -1.750000e+01 5.000000e-01
      vertex   1.700000e+01 -1.629289e+01 0.000000e+00
      vertex   1.750000e+01 -1.650000e+01 5.000000e-01
    endloop
  endfacet
  facet normal -2.892776e-15 -7.071068e-01 -7.071068e-01
    outer loop
      vertex   1.315000e+02 -1.750000e+01 5.000000e-01
      vertex   9.850000e+01 -1.750000e+01 5.000000e-01
      vertex   1.312929e+02 -1.700000e+01 0.000000e+00
    endloop
  endfacet
  facet normal -2.852455e-15 -7.071068e-01 -7.071068e-01
    outer loop
      vertex   1.312929e+02 -1.700000e+01 0.000000e+00
      vertex   9.850000e+01 -1.750000e+01 5.000000e-01
      vertex   9.870711e+01 -1.700000e+01 0.000000e+00
    endloop
  endfacet
  facet normal 5.000000e-01 -5.000000e-01 -7.071068e-01
    outer loop
      vertex   1.325000e+02 -1.650000e+01 5.000000e-01
      vertex   1.315000e+02 -1.750000e+01 5.000000e-01
      vertex   1.320000e+02 -1.629289e+01 0.000000e+00
    endloop
  endfacet
  facet normal 5.000000e-01 -5.000000e-01 -7.071068e-01
    outer loop
      vertex   1.320000e+02 -1.629289e+01 0.000000e+00
      vertex   1.315000e+02 -1.750000e+01 5.000000e-01
      vertex   1.312929e+02 -1.700000e+01 0.000000e+00
    endloop
  endfacet
  facet normal -5.000000e-01 -5.000000e-01 -7.071068e-01
    outer loop
      vertex   -1.629289e+01 -1.700000e+01 0.000000e+00
      vertex   -1.650000e+01 -1.750000e+01 5.000000e-01
      vertex   -1.700000e+01 -1.629289e+01 0.000000e+00
    endloop
  endfacet
  facet normal -5.000000e-01 -5.000000e-01 -7.071068e-01
    outer loop
      vertex   -1.700000e+01 -1.629289e+01 0.000000e+00
      vertex   -1.650000e+01 -1.750000e+01 5.000000e-01
      vertex   -1.750000e+01 -1.650000e+01 5.000000e-01
    endloop
  endfacet
  facet normal 7.071068e-01 6.090056e-16 -7.071068e-01
    outer loop
      vertex   1.325000e+02 1.650000e+01 5.000000e-01
      vertex   1.325000e+02 -1.650000e+01 5.000000e-01
      vertex   1.320000e+02 1.629289e+01 0.000000e+00
    endloop
  endfacet
  facet normal 7.071068e-01 0.000000e+00 -7.071068e-01
    outer loop
      vertex   1.320000e+02 1.629289e+01 0.000000e+00
      vertex   1.325000e+02 -1.650000e+01 5.000000e-01
      vertex   1.320000e+02 -1.629289e+01 0.000000e+00
    endloop
  endfacet
  facet normal -7.071068e-01 7.709337e-17 -7.071068e-01
    outer loop
      vertex   -1.700000e+01 1.629289e+01 0.000000e+00
      vertex   -1.700000e+01 -1.629289e+01 0.000000e+00
      vertex   -1.750000e+01 1.650000e+01 5.000000e-01
    endloop
  endfacet
  facet normal -7.071068e-01 -0.000000e+00 -7.071068e-01
    outer loop
      vertex   -1.750000e+01 1.650000e+01 5.000000e-01
      vertex   -1.700000e+01 -1.629289e+01 0.000000e+00
      vertex   -1.750000e+01 -1.650000e+01 5.000000e-01
    endloop
  endfacet
  facet normal 5.000000e-01 5.000000e-01 -7.071068e-01
    outer loop
      vertex   1.325000e+02 1.650000e+01 5.000000e-01
      vertex   1.320000e+02 1.629289e+01 0.000000e+00
      vertex   1.315000e+02 1.750000e+01 5.000000e-01
    endloop
  endfacet
  facet normal 5.000000e-01 5.000000e-01 -7.071068e-01
    outer loop
      vertex   1.315000e+02 1.750000e+01 5.000000e-01
      vertex   1.320000e+02 1.629289e+01 0.000000e+00
      vertex   1.312929e+02 1.700000e+01 0.000000e+00
    endloop
  endfacet
  facet normal -5.000000e-01 5.000000e-01 -7.071068e-01
    outer loop
      vertex   -1.629289e+01 1.700000e+01 0.000000e+00
      vertex   -1.700000e+01 1.629289e+01 0.000000e+00
      vertex   -1.650000e+01 1.750000e+01 5.000000e-01
    endloop
  endfacet
  facet normal -5.000000e-01 5.000000e-01 -7.071068e-01
    outer loop
      vertex   -1.650000e+01 1.750000e+01 5.000000e-01
      vertex   -1.700000e+01 1.629289e+01 0.000000e+00
      vertex   -1.750000e+01 1.650000e+01 5.000000e-01
    endloop
  endfacet
  facet normal 2.740525e-15 7.071068e-01 -7.071068e-01
    outer loop
      vertex   9.850000e+01 1.750000e+01 5.000000e-01
      vertex   1.315000e+02 1.750000e+01 5.000000e-01
      vertex   9.870711e+01 1.700000e+01 0.000000e+00
    endloop
  endfacet
  facet normal 2.775361e-15 7.071068e-01 -7.071068e-01
    outer loop
      vertex   9.870711e+01 1.700000e+01 0.000000e+00
      vertex   1.315000e+02 1.750000e+01 5.000000e-01
      vertex   1.312929e+02 1.700000e+01 0.000000e+00
    endloop
  endfacet
  facet normal 0.000000e+00 7.071068e-01 -7.071068e-01
    outer loop
      vertex   1.629289e+01 1.700000e+01 0.000000e+00
      vertex   -1.629289e+01 1.700000e+01 0.000000e+00
      vertex   1.650000e+01 1.750000e+01 5.000000e-01
    endloop
  endfacet
  facet normal 0.000000e+00 7.071068e-01 -7.071068e-01
    outer loop
      vertex   1.650000e+01 1.750000e+01 5.000000e-01
      vertex   -1.629289e+01 1.700000e+01 0.000000e+00
      vertex   -1.650000e+01 1.750000e+01 5.000000e-01
    endloop
  endfacet
  facet normal -5.000000e-01 5.000000e-01 -7.071068e-01
    outer loop
      vertex   9.750000e+01 1.650000e+01 5.000000e-01
      vertex   9.850000e+01 1.750000e+01 5.000000e-01
      vertex   9.800000e+01 1.629289e+01 0.000000e+00
    endloop
  endfacet
  facet normal -5.000000e-01 5.000000e-01 -7.071068e-01
    outer loop
      vertex   9.800000e+01 1.629289e+01 0.000000e+00
      vertex   9.850000e+01 1.750000e+01 5.000000e-01
      vertex   9.870711e+01 1.700000e+01 0.000000e+00
    endloop
  endfacet
  facet normal 5.000000e-01 5.000000e-01 -7.071068e-01
    outer loop
      vertex   1.629289e+01 1.700000e+01 0.000000e+00
      vertex   1.650000e+01 1.750000e+01 5.000000e-01
      vertex   1.700000e+01 1.629289e+01 0.000000e+00
    endloop
  endfacet
  facet normal 5.000000e-01 5.000000e-01 -7.071068e-01
    outer loop
      vertex   1.700000e+01 1.629289e+01 0.000000e+00
      vertex   1.650000e+01 1.750000e+01 5.000000e-01
      vertex   1.750000e+01 1.650000e+01 5.000000e-01
    endloop
  endfacet
  facet normal -7.071068e-01 2.871026e-15 -7.071068e-01
    outer loop
      vertex   9.750000e+01 1.650000e+01 5.000000e-01
      vertex   9.800000e+01 1.629289e+01 0.000000e+00
      vertex   9.750000e+01 6.000000e+00 5.000000e-01
    endloop
  endfacet
  facet normal -7.071068e-01 2.871026e-15 -7.071068e-01
    outer loop
      vertex   9.750000e+01 6.000000e+00 5.000000e-01
      vertex   9.800000e+01 1.629289e+01 0.000000e+00
      vertex   9.800000e+01 5.792893e+00 0.000000e+00
    endloop
  endfacet
  facet normal -5.000000e-01 5.000000e-01 -7.071068e-01
    outer loop
      vertex   9.650000e+01 5.000000e+00 5.000000e-01
      vertex   9.750000e+01 6.000000e+00 5.000000e-01
      vertex   9.670711e+01 4.500000e+00 0.000000e+00
    endloop
  endfacet
  facet normal -5.000000e-01 5.000000e-01 -7.071068e-01
    outer loop
      vertex   9.670711e+01 4.500000e+00 0.000000e+00
      vertex   9.750000e+01 6.000000e+00 5.000000e-01
      vertex   9.800000e+01 5.792893e+00 0.000000e+00
    endloop
  endfacet
  facet normal 5.000000e-01 5.000000e-01 -7.071068e-01
    outer loop
      vertex   1.700000e+01 5.792893e+00 0.000000e+00
      vertex   1.750000e+01 6.000000e+00 5.000000e-01
      vertex   1.829289e+01 4.500000e+00 0.000000e+00
    endloop
  endfacet
  facet normal 5.000000e-01 5.000000e-01 -7.071068e-01
    outer loop
      vertex   1.829289e+01 4.500000e+00 0.000000e+00
      vertex   1.750000e+01 6.000000e+00 5.000000e-01
      vertex   1.850000e+01 5.000000e+00 5.000000e-01
    endloop
  endfacet
  facet normal 7.071068e-01 7.071068e-01 -0.000000e+00
    outer loop
      vertex   1.750000e+01 6.000000e+00 5.000000e-01
      vertex   1.750000e+01 6.000000e+00 7.500000e+00
      vertex   1.850000e+01 5.000000e+00 5.000000e-01
    endloop
  endfacet
  facet normal 7.071068e-01 7.071068e-01 -0.000000e+00
    outer loop
      vertex   1.850000e+01 5.000000e+00 5.000000e-01
      vertex   1.750000e+01 6.000000e+00 7.500000e+00
      vertex   1.850000e+01 5.000000e+00 7.500000e+00
    endloop
  endfacet
  facet normal 7.071068e-01 7.071068e-01 0.000000e+00
    outer loop
      vertex   1.850000e+01 5.000000e+00 7.500000e+00
      vertex   1.750000e+01 6.000000e+00 7.500000e+00
      vertex   1.900000e+01 4.500000e+00 8.000000e+00
    endloop
  endfacet
  facet normal 7.071068e-01 7.071068e-01 -9.420555e-16
    outer loop
      vertex   1.900000e+01 4.500000e+00 8.000000e+00
      vertex   1.750000e+01 6.000000e+00 7.500000e+00
      vertex   1.700000e+01 6.500000e+00 8.000000e+00
    endloop
  endfacet
  facet normal 5.551115e-17 -1.000000e+00 0.000000e+00
    outer loop
      vertex   5.650000e+01 1.500000e+00 7.500000e+00
      vertex   4.850000e+01 1.500000e+00 7.500000e+00
      vertex   5.650000e+01 1.500000e+00 5.000000e-01
    endloop
  endfacet
  facet normal 5.551115e-17 -1.000000e+00 0.000000e+00
    outer loop
      vertex   5.650000e+01 1.500000e+00 5.000000e-01
      vertex   4.850000e+01 1.500000e+00 7.500000e+00
      vertex   4.850000e+01 1.500000e+00 5.000000e-01
    endloop
  endfacet
  facet normal 1.000000e+00 0.000000e+00 0.000000e+00
    outer loop
      vertex   4.850000e+01 1.500000e+00 7.500000e+00
      vertex   4.850000e+01 -1.500000e+00 7.500000e+00
      vertex   4.850000e+01 1.500000e+00 5.000000e-01
    endloop
  endfacet
  facet normal 1.000000e+00 0.000000e+00 0.000000e+00
    outer loop
      vertex   4.850000e+01 1.500000e+00 5.000000e-01
      vertex   4.850000e+01 -1.500000e+00 7.500000e+00
      vertex   4.850000e+01 -1.500000e+00 5.000000e-01
    endloop
  endfacet
  facet normal -0.000000e+00 -1.000000e+00 -0.000000e+00
    outer loop
      vertex   6.650000e+01 1.500000e+00 7.500000e+00
      vertex   5.850000e+01 1.500000e+00 7.500000e+00
      vertex   6.650000e+01 1.500000e+00 5.000000e-01
    endloop
  endfacet
  facet normal 0.000000e+00 -1.000000e+00 0.000000e+00
    outer loop
      vertex   6.650000e+01 1.500000e+00 5.000000e-01
      vertex   5.850000e+01 1.500000e+00 7.500000e+00
      vertex   5.850000e+01 1.500000e+00 5.000000e-01
    endloop
  endfacet
  facet normal 1.000000e+00 -4.736952e-15 0.000000e+00
    outer loop
      vertex   5.850000e+01 1.500000e+00 7.500000e+00
      vertex   5.850000e+01 -1.500000e+00 7.500000e+00
      vertex   5.850000e+01 1.500000e+00 5.000000e-01
    endloop
  endfacet
  facet normal 1.000000e+00 -4.736952e-15 0.000000e+00
    outer loop
      vertex   5.850000e+01 1.500000e+00 5.000000e-01
      vertex   5.850000e+01 -1.500000e+00 7.500000e+00
      vertex   5.850000e+01 -1.500000e+00 5.000000e-01
    endloop
  endfacet
  facet normal -4.440892e-15 1.000000e+00 0.000000e+00
    outer loop
      vertex   -1.000000e+00 -1.250000e+01 7.500000e+00
      vertex   1.000000e+00 -1.250000e+01 7.500000e+00
      vertex   -1.000000e+00 -1.250000e+01 5.000000e-01
    endloop
  endfacet
  facet normal -4.440892e-15 1.000000e+00 0.000000e+00
    outer loop
      vertex   -1.000000e+00 -1.250000e+01 5.000000e-01
      vertex   1.000000e+00 -1.250000e+01 7.500000e+00
      vertex   1.000000e+00 -1.250000e+01 5.000000e-01
    endloop
  endfacet
  facet normal -7.071068e-01 7.071068e-01 0.000000e+00
    outer loop
      vertex   1.000000e+00 -1.250000e+01 7.500000e+00
      vertex   1.250000e+01 -1.000000e+00 7.500000e+00
      vertex   1.000000e+00 -1.250000e+01 5.000000e-01
    endloop
  endfacet
  facet normal -7.071068e-01 7.071068e-01 0.000000e+00
    outer loop
      vertex   1.000000e+00 -1.250000e+01 5.000000e-01
      vertex   1.250000e+01 -1.000000e+00 7.500000e+00
      vertex   1.250000e+01 -1.000000e+00 5.000000e-01
    endloop
  endfacet
  facet normal -1.000000e+00 0.000000e+00 0.000000e+00
    outer loop
      vertex   1.275000e+02 1.000000e+00 5.000000e-01
      vertex   1.275000e+02 -1.000000e+00 5.000000e-01
      vertex   1.275000e+02 1.000000e+00 7.500000e+00
    endloop
  endfacet
  facet normal -1.000000e+00 -0.000000e+00 0.000000e+00
    outer loop
      vertex   1.275000e+02 1.000000e+00 7.500000e+00
      vertex   1.275000e+02 -1.000000e+00 5.000000e-01
      vertex   1.275000e+02 -1.000000e+00 7.500000e+00
    endloop
  endfacet
  facet normal -7.071068e-01 -7.071068e-01 0.000000e+00
    outer loop
      vertex   1.160000e+02 1.250000e+01 5.000000e-01
      vertex   1.275000e+02 1.000000e+00 5.000000e-01
      vertex   1.160000e+02 1.250000e+01 7.500000e+00
    endloop
  endfacet
  facet normal -7.071068e-01 -7.071068e-01 0.000000e+00
    outer loop
      vertex   1.160000e+02 1.250000e+01 7.500000e+00
      vertex   1.275000e+02 1.000000e+00 5.000000e-01
      vertex   1.275000e+02 1.000000e+00 7.500000e+00
    endloop
  endfacet
  facet normal -3.552714e-15 -1.000000e+00 0.000000e+00
    outer loop
      vertex   1.140000e+02 1.250000e+01 5.000000e-01
      vertex   1.160000e+02 1.250000e+01 5.000000e-01
      vertex   1.140000e+02 1.250000e+01 7.500000e+00
    endloop
  endfacet
  facet normal -3.552714e-15 -1.000000e+00 0.000000e+00
    outer loop
      vertex   1.140000e+02 1.250000e+01 7.500000e+00
      vertex   1.160000e+02 1.250000e+01 5.000000e-01
      vertex   1.160000e+02 1.250000e+01 7.500000e+00
    endloop
  endfacet
endsolid
